SpeciesID,RegionNumber,UnitCode,RefugeName,SciName,SciWAuthority,ExternalSourceCode,TaxonCode,TaxonCategoryGroup,TaxonCategoryName,TaxonKingdom,TaxonPhylum,TaxonClass,TaxonSubClass,TaxonInfraclass,TaxonOrder,TaxonSubOrder,TaxonFamily,TaxonRank,TaxonGenus,RefugeCommonNames,Synonyms,Occurrence,OccurrenceTags,OccurrenceNote,Seasonality,Origin,OriginTags,OriginNote,Abundance,AbundanceNote,SpringAbundance,SpringAbundanceNote,SummerAbundance,SummerAbundanceNote,FallAbundance,FallAbundanceNote,WinterAbundance,WinterAbundanceNote,Management,RecordStatus,RefugeAcceptedStatus,Sensitive,SensitivityNote,ExternalLinks,SpeciesNote,RefugeTags,SSOC_StatusLookup,CreatedBy,CreatedDate,LastModifiedBy,LastModifiedDate
188446,7,FF07RKNA00,Kenai National Wildlife Refuge,Canalidion montanum,"Canalidion montanum (Emerton, 1882)",853180,826716,Animals,Spider/Scorpion,Animalia,Arthropoda,Euchelicerata,Arachnida,,Araneae,,Theridiidae,Species,Canalidion,,,Present,,,,Native,,,Common,,,,,,,,,,,Draft,Accepted,No,,http://arctos.database.museum/guid/UAMObs:Ento:239642,,,,matt_bowser@fws.gov,11/4/2019 8:45:32 AM,matt_bowser@fws.gov,11/4/2019 8:45:32 AM
188448,7,FF07RKNA00,Kenai National Wildlife Refuge,Ixodes angustus,,-9786399,745873,Animals,Spider/Scorpion,,,Arachnida,,,,,,Species,,,,Present,,,,Native,,,Common,,,,,,,,,,,Approved,Accepted,No,,http://arctos.database.museum/guid/MSB:Para:28090,,,,matt_bowser@fws.gov,11/5/2019 5:20:55 PM,matt_bowser@fws.gov,11/5/2019 5:20:56 PM
188443,7,FF07RKNA00,Kenai National Wildlife Refuge,Micrargus longitarsus,"Micrargus longitarsus (Emerton, 1882)",861507,815239,Animals,Spider/Scorpion,Animalia,Arthropoda,Euchelicerata,Arachnida,,Araneae,,Linyphiidae,Species,Micrargus,,,Present,,,,Native,,,Unknown,,,,,,,,,,,Approved,Accepted,No,,http://arctos.database.museum/guid/KNWR:Ento:6464,,,,matt_bowser@fws.gov,11/2/2019 8:30:48 AM,matt_bowser@fws.gov,11/2/2019 8:33:03 AM
188447,7,FF07RKNA00,Kenai National Wildlife Refuge,Ohlertidion ohlerti,"Ohlertidion ohlerti (Thorell, 1870)",863293,803673,Animals,Spider/Scorpion,Animalia,Arthropoda,Euchelicerata,Arachnida,,Araneae,,Theridiidae,Species,Ohlertidion,,,Present,,,,Native,,,Common,,,,,,,,,,,Approved,Accepted,No,,http://arctos.database.museum/guid/KNWR:Ento:3943,,,,matt_bowser@fws.gov,11/5/2019 10:41:35 AM,matt_bowser@fws.gov,11/5/2019 10:41:37 AM
211650,7,FF07RKNA00,Kenai National Wildlife Refuge,Deroceras reticulatum,"Deroceras reticulatum (Muller, 1774)",77307,716984,Animals,Slug/Snail,Animalia,Mollusca,Gastropoda,,,Stylommatophora,,Limacidae,Species,Deroceras,,,Present,,,,,,,,,,,,,,,,,,Approved,Accepted,No,,http://arctos.database.museum/guid/KNWR:Ento:8635,,,,jake_danner@fws.gov,5/11/2020 5:14:56 PM,jake_danner@fws.gov,5/11/2020 5:14:56 PM
188444,7,FF07RKNA00,Kenai National Wildlife Refuge,Kaestneria pullata,"Kaestneria pullata (O. P.-Cambridge, 1863)",858764,822418,Animals,Spider/Scorpion,Animalia,Arthropoda,Euchelicerata,Arachnida,,Araneae,,Linyphiidae,Species,Kaestneria,,,Probably Present,,,,Native,,,,,,,,,,,,,,Approved,Accepted,No,,,"Kaestneria pullata is known from Kenai, Seward, and Homer, and very likely occurs on Kenai National Wildlife Refuge, but there have been no specimens identified from the Refuge.",,,matt_bowser@fws.gov,11/4/2019 8:08:48 AM,matt_bowser@fws.gov,11/4/2019 8:12:01 AM
188445,7,FF07RKNA00,Kenai National Wildlife Refuge,Kaestneria rufula,"Kaestneria rufula (Hackman, 1954)",858765,822419,Animals,Spider/Scorpion,Animalia,Arthropoda,Euchelicerata,Arachnida,,Araneae,,Linyphiidae,Species,Kaestneria,,,Present,,,,Native,,,Unknown,,,,,,,,,,,Approved,Accepted,No,,https://arctos.database.museum/guid/UAMObs:Ento:240442,,,,matt_bowser@fws.gov,11/4/2019 8:22:30 AM,matt_bowser@fws.gov,11/4/2019 8:22:30 AM
191773,7,FF07RKNA00,Kenai National Wildlife Refuge,Leptobunus borealis,"Leptobunus borealis Banks, 1899",1014067,1030866,Animals,Spider/Scorpion,Animalia,Arthropoda,Euchelicerata,Arachnida,,Opiliones,Eupnoi,Phalangiidae,Species,Leptobunus,,,Present,,,,Native,,,Common,,,,,,,,,,,Approved,Accepted,No,,http://arctos.database.museum/guid/KNWR:Ento:10851,,,,matt_bowser@fws.gov,11/6/2019 5:25:09 PM,matt_bowser@fws.gov,11/6/2019 5:25:09 PM
160264,7,FF07RKNA00,Kenai National Wildlife Refuge,Gammarus lacustris,"Gammarus lacustris G. O. Sars, 1863",93789,735462,Animals,Crab/Lobster/Shrimp,Animalia,Arthropoda,Malacostraca,Eumalacostraca,,Amphipoda,Gammaridea,Gammaridae,Species,Gammarus,,,Present,,, Seasonal Occurrence Uncertain,Native,,,Unknown,,,,,,,,,,,Approved,Accepted,No,,http://bins.boldsystems.org/index.php/Public_RecordView?processid=NJCGS1177-11,,,,Script: Mark_Laker@fws.gov,6/5/2019 10:06:35 PM,FWSpec-199:matt_bowser@fws.gov,12/9/2019 7:17:02 AM
161097,7,FF07RKNA00,Kenai National Wildlife Refuge,Tibellus maritimus,"Tibellus maritimus (Menge, 1875)",890922,780797,Animals,Spider/Scorpion,Animalia,Arthropoda,Euchelicerata,Arachnida,,Araneae,,Philodromidae,Species,Tibellus,,,Present,,, Seasonal Occurrence Uncertain,Native,,,Unknown,,,,,,,,,,,Approved,Accepted,No,,http://arctos.database.museum/guid/KNWR:Ento:3386,,,,Script: Mark_Laker@fws.gov,6/5/2019 10:16:02 PM,FWSpec-199:matt_bowser@fws.gov,12/9/2019 7:17:10 AM
154929,7,FF07RKNA00,Kenai National Wildlife Refuge,Erpobdella punctata,"Erpobdella punctata (Leidy, 1870)",69445,559542,Animals,Other Non-vertebrates,Animalia,Annelida,Clitellata,Lumbriculata,,Hirudinida,Arhynchobdellida,Erpobdellidae,Species,Erpobdella,,565302,Present,,, Seasonal Occurrence Uncertain,Native,,,Unknown,,,,,,,,,,,Approved,Accepted,No,,,{http://dx.doi.org/10.7299/X7959HQT},,,Script: Mark_Laker@fws.gov,6/5/2019 9:02:43 PM,Script: Mark_Laker@fws.gov,6/5/2019 9:02:45 PM
153730,7,FF07RKNA00,Kenai National Wildlife Refuge,Cyclosa conica,"Cyclosa conica (Pallas, 1772)",854361,819875,Animals,Spider/Scorpion,Animalia,Arthropoda,Euchelicerata,Arachnida,,Araneae,,Araneidae,Species,Cyclosa,,,Present,,, Seasonal Occurrence Uncertain,Native,,,Unknown,,,,,,,,,,,Approved,Accepted,No,,"http://arctos.database.museum/guid/KNWR:Ento:6413, http://arctos.database.museum/guid/KNWR:Ento:6420, http://arctos.database.museum/guid/KNWR:Ento:6497, http://arctos.database.museum/guid/KNWR:Ento:6523, http://arctos.database.museum/guid/KNWR:Ento:6553, http://arctos.database.museum/guid/KNWR:Ento:6565, http://arctos.database.museum/guid/KNWR:Ento:6643, http://arctos.database.museum/guid/KNWR:Ento:6650","Holarctic; a specimen was collected by Todd Eskelin on June 7, 2004 in a sweep net sample at LTEMP point 3051. This site is birch/spruce forest ~1km SW of Kakoon Lake.",,,Script: Mark_Laker@fws.gov,6/5/2019 8:52:25 PM,FWSpec-199:matt_bowser@fws.gov,12/9/2019 7:18:36 AM
153738,7,FF07RKNA00,Kenai National Wildlife Refuge,Hypsosinga pygmaea,"Hypsosinga pygmaea (Sundevall, 1831)",858388,822042,Animals,Spider/Scorpion,Animalia,Arthropoda,Euchelicerata,Arachnida,,Araneae,,Araneidae,Species,Hypsosinga,An orb spider,,Present,,, Seasonal Occurrence Uncertain,Native,,,Unknown,,,,,,,,,,,Approved,Accepted,No,,http://arctos.database.museum/guid/KNWR:Ento:6648,Collected on LTEMP.,,,Script: Mark_Laker@fws.gov,6/5/2019 8:52:29 PM,FWSpec-199:matt_bowser@fws.gov,12/9/2019 7:18:37 AM
153742,7,FF07RKNA00,Kenai National Wildlife Refuge,Lepthyphantes alpinus,"Lepthyphantes alpinus (Emerton, 1882)",859175,822829,Animals,Spider/Scorpion,Animalia,Arthropoda,Euchelicerata,Arachnida,,Araneae,,Linyphiidae,Species,Lepthyphantes,A sheet-web spider,,Present,,, Seasonal Occurrence Uncertain,Native,,,Unknown,,,,,,,,,,,Approved,Accepted,No,,"http://arctos.database.museum/guid/KNWR:Ento:6564, http://arctos.database.museum/guid/KNWR:Ento:6661",Collected on LTEMP.,,,Script: Mark_Laker@fws.gov,6/5/2019 8:52:30 PM,FWSpec-199:matt_bowser@fws.gov,12/9/2019 7:18:37 AM
153743,7,FF07RKNA00,Kenai National Wildlife Refuge,Grammonota vittata,"Grammonota vittata Barrows, 1919",857253,824327,Animals,Spider/Scorpion,Animalia,Arthropoda,Euchelicerata,Arachnida,,Araneae,,Linyphiidae,Species,Grammonota,A dwarf sheetweb spider,,Present,,, Seasonal Occurrence Uncertain,Native,,,Unknown,,,,,,,,,,,Approved,Accepted,No,,http://arctos.database.museum/guid/KNWR:Ento:6584,,,,Script: Mark_Laker@fws.gov,6/5/2019 8:52:31 PM,FWSpec-199:matt_bowser@fws.gov,12/9/2019 7:18:37 AM
153744,7,FF07RKNA00,Kenai National Wildlife Refuge,Helophora reducta,"Helophora reducta (Keyserling, 1886)",857612,824686,Animals,Spider/Scorpion,Animalia,Arthropoda,Euchelicerata,Arachnida,,Araneae,,Linyphiidae,Species,Helophora,,,Present,,, Seasonal Occurrence Uncertain,Native,,,Unknown,,,,,,,,,,,Approved,Accepted,No,,,,,,Script: Mark_Laker@fws.gov,6/5/2019 8:52:31 PM,Script: Mark_Laker@fws.gov,6/5/2019 8:52:32 PM
153745,7,FF07RKNA00,Kenai National Wildlife Refuge,Dismodicus alticeps,"Dismodicus alticeps Chamberlin & Ivie, 1947",855161,825529,Animals,Spider/Scorpion,Animalia,Arthropoda,Euchelicerata,Arachnida,,Araneae,,Linyphiidae,Species,Dismodicus,A dwarf sheetweb weaver,,Present,,, Seasonal Occurrence Uncertain,Native,,,Unknown,,,,,,,,,,,Approved,Accepted,No,,"http://arctos.database.museum/guid/KNWR:Ento:6482, http://arctos.database.museum/guid/KNWR:Ento:6671, http://arctos.database.museum/guid/KNWR:Ento:6672",Collected on LTEMP.,,,Script: Mark_Laker@fws.gov,6/5/2019 8:52:32 PM,FWSpec-199:matt_bowser@fws.gov,12/9/2019 7:18:42 AM
139084,7,FF07RKNA00,Kenai National Wildlife Refuge,Gyraulus deflectus,"Gyraulus deflectus (Say, 1824)",76594,705804,Animals,Slug/Snail,Animalia,Mollusca,Gastropoda,,,Basommatophora,,Planorbidae,Species,Gyraulus,,,Present,,, Seasonal Occurrence Uncertain,Native,,,Unknown,,,,,,,,,,,Approved,Accepted,No,,,,,,Script: Mark_Laker@fws.gov,6/5/2019 7:00:04 PM,Script: Mark_Laker@fws.gov,6/5/2019 7:00:04 PM
141304,7,FF07RKNA00,Kenai National Wildlife Refuge,Dictyna major,"Dictyna major Menge, 1869",878308,798850,Animals,Spider/Scorpion,Animalia,Arthropoda,Euchelicerata,Arachnida,,Araneae,,Dictynidae,Species,Dictyna,A meshweaver spider,,Present,,, Seasonal Occurrence Uncertain,Native,,,Unknown,,,,,,,,,,,Approved,Accepted,No,,http://arctos.database.museum/guid/KNWR:Ento:6453,Collected on LTEMP. Determination by Joey Slowik.,,,Script: Mark_Laker@fws.gov,6/5/2019 7:18:02 PM,FWSpec-199:matt_bowser@fws.gov,12/9/2019 7:17:21 AM
191775,7,FF07RKNA00,Kenai National Wildlife Refuge,Nelima paessleri,"Nelima paessleri (Roewer, 1910)",1014096,1030895,Animals,Spider/Scorpion,Animalia,Arthropoda,Euchelicerata,Arachnida,,Opiliones,Eupnoi,Sclerosomatidae,Species,Nelima,,,Present,,,,Native,,,Common,,,,,,,,,,,Approved,Accepted,No,,https://arctos.database.museum/guid/KNWR:Ento:6675,,,,matt_bowser@fws.gov,11/6/2019 5:33:09 PM,matt_bowser@fws.gov,11/6/2019 5:33:09 PM
164859,7,FF07RKNA00,Kenai National Wildlife Refuge,Thersitina gasterostei,"Thersitina gasterostei (Pagenstecher, 1861)",88626,724301,Animals,Crab/Lobster/Shrimp,Animalia,Arthropoda,Maxillopoda,Copepoda,Neocopepoda,Poecilostomatoida,,Ergasilidae,Species,Thersitina,,,Present,,, Seasonal Occurrence Uncertain,Native,,,Unknown,,,,,,,,,,,Approved,Accepted,No,,http://arctos.database.museum/guid/KNWR:Ento:10787,2115027|KNWR:Ento:10787,,,Script: Mark_Laker@fws.gov,6/5/2019 10:56:56 PM,FWSpec-199:matt_bowser@fws.gov,12/9/2019 7:17:02 AM
165648,7,FF07RKNA00,Kenai National Wildlife Refuge,Xysticus,"Xysticus C. L. Koch, 1835",873341,788195,Animals,Spider/Scorpion,Animalia,Arthropoda,Euchelicerata,Arachnida,,Araneae,,Thomisidae,Genus,Xysticus,,,Present,,, Seasonal Occurrence Uncertain,Native,,,Unknown,,,,,,,,,,,Approved,Accepted,No,,,,,,Script: Mark_Laker@fws.gov,6/5/2019 11:04:11 PM,Script: Mark_Laker@fws.gov,6/5/2019 11:04:11 PM
165649,7,FF07RKNA00,Kenai National Wildlife Refuge,Philodromus rufus,"Philodromus rufus Walckenaer, 1826",886829,790459,Animals,Spider/Scorpion,Animalia,Arthropoda,Euchelicerata,Arachnida,,Araneae,,Philodromidae,Species,Philodromus,A crab spider,,Present,,, Seasonal Occurrence Uncertain,Native,,,Unknown,,,,,,,,,,,Approved,Accepted,No,,,Collected in headquarters building. Deposted in KNWR collection (KNWR 6646).,,,Script: Mark_Laker@fws.gov,6/5/2019 11:04:11 PM,Script: Mark_Laker@fws.gov,6/5/2019 11:04:11 PM
161098,7,FF07RKNA00,Kenai National Wildlife Refuge,Philodromus,"Philodromus Walckenaer, 1826",872790,781329,Animals,Spider/Scorpion,Animalia,Arthropoda,Euchelicerata,Arachnida,,Araneae,,Philodromidae,Genus,Philodromus,,,Present,,, Seasonal Occurrence Uncertain,Native,,,Unknown,,,,,,,,,,,Approved,Accepted,No,,,,,,Script: Mark_Laker@fws.gov,6/5/2019 10:16:03 PM,Script: Mark_Laker@fws.gov,6/5/2019 10:16:03 PM
163045,7,FF07RKNA00,Kenai National Wildlife Refuge,Lymnaea atkaensis,"Lymnaea atkaensis Dall, 1884",76492,705280,Animals,Slug/Snail,Animalia,Mollusca,Gastropoda,,,Basommatophora,,Lymnaeidae,Species,Lymnaea,,,Present,,, Seasonal Occurrence Uncertain,Native,,,Unknown,,,,,,,,,,,Approved,Accepted,No,,,,,,Script: Mark_Laker@fws.gov,6/5/2019 10:41:58 PM,Script: Mark_Laker@fws.gov,6/5/2019 10:41:59 PM
163046,7,FF07RKNA00,Kenai National Wildlife Refuge,Stagnicola elodes,"Stagnicola elodes (Say, 1821)",76542,709219,Animals,Slug/Snail,Animalia,Mollusca,Gastropoda,,,Basommatophora,,Lymnaeidae,Species,Stagnicola,,,Present,,, Seasonal Occurrence Uncertain,Native,,,Unknown,,,,,,,,,,,Approved,Accepted,No,,http://arctos.database.museum/guid/KNWR:Ento:10865,,,,Script: Mark_Laker@fws.gov,6/5/2019 10:41:59 PM,FWSpec-199:matt_bowser@fws.gov,12/9/2019 7:17:01 AM
141305,7,FF07RKNA00,Kenai National Wildlife Refuge,Dolomedes triton,"Dolomedes triton (Walckenaer, 1837)",878558,799100,Animals,Spider/Scorpion,Animalia,Arthropoda,Euchelicerata,Arachnida,,Araneae,,Pisauridae,Species,Dolomedes,,,Present,,, Seasonal Occurrence Uncertain,Native,,,Unknown,,,,,,,,,,,Approved,Accepted,No,,,,,,Script: Mark_Laker@fws.gov,6/5/2019 7:18:02 PM,Script: Mark_Laker@fws.gov,6/5/2019 7:18:03 PM
139085,7,FF07RKNA00,Kenai National Wildlife Refuge,Zoogenetes harpa,"Zoogenetes harpa (Say, 1824)",76873,708038,Animals,Slug/Snail,Animalia,Mollusca,Gastropoda,,,Stylommatophora,,Valloniidae,Species,Zoogenetes,Boreal top,,Present,,, Seasonal Occurrence Uncertain,Native,,,Unknown,,,,,,,,,,,Approved,Accepted,No,,http://arctos.database.museum/guid/KNWR:Ento:5629,,,,Script: Mark_Laker@fws.gov,6/5/2019 7:00:05 PM,FWSpec-199:matt_bowser@fws.gov,12/9/2019 7:17:01 AM
139088,7,FF07RKNA00,Kenai National Wildlife Refuge,Planorbella trivolvis,"Planorbella trivolvis (Say, 1817)",76671,711163,Animals,Slug/Snail,Animalia,Mollusca,Gastropoda,,,Basommatophora,,Planorbidae,Species,Planorbella,,706938,Present,,, Seasonal Occurrence Uncertain,Native,,,Unknown,,,,,,,,,,,Approved,Accepted,No,,,,,,Script: Mark_Laker@fws.gov,6/5/2019 7:00:06 PM,Script: Mark_Laker@fws.gov,6/5/2019 7:00:07 PM
178005,7,FF07RKNA00,Kenai National Wildlife Refuge,Hypselistes florens,"Hypselistes florens (O. P.-Cambridge, 1875)",858368,822022,Animals,Spider/Scorpion,Animalia,Arthropoda,Euchelicerata,Arachnida,,Araneae,,Linyphiidae,Species,Hypselistes,A dwarf sheetweb weaver,,Present,,, Seasonal Occurrence Uncertain,Native,,,Unknown,,,,,,,,,,,Approved,Accepted,No,,"http://arctos.database.museum/guid/KNWR:Ento:4696, http://arctos.database.museum/guid/KNWR:Ento:4789, http://arctos.database.museum/guid/KNWR:Ento:6488, http://arctos.database.museum/guid/KNWR:Ento:6496, http://arctos.database.museum/guid/KNWR:Ento:6541, http://arctos.database.museum/guid/KNWR:Ento:6568, http://arctos.database.museum/guid/KNWR:Ento:6613, http://arctos.database.museum/guid/KNWR:Ento:6619",Collected on LTEMP.,,,Script: Mark_Laker@fws.gov,6/6/2019 12:59:29 AM,FWSpec-199:matt_bowser@fws.gov,12/9/2019 7:18:37 AM
140537,7,FF07RKNA00,Kenai National Wildlife Refuge,Hydra hymanae,"Hydra hymanae Hadley and Forrest, 1949",50850,171663,Animals,Other Non-vertebrates,Animalia,Cnidaria,Hydrozoa,Hydroidolina,,Anthoathecatae,Capitata,Hydridae,Species,Hydra,,,Present,,, Seasonal Occurrence Uncertain,Native,,,Unknown,,,,,,,,,,,Approved,Accepted,No,,http://bins.boldsystems.org/index.php/Public_RecordView?processid=MOBIL1659-16,,,,Script: Mark_Laker@fws.gov,6/5/2019 7:11:35 PM,FWSpec-199:matt_bowser@fws.gov,12/9/2019 7:15:42 AM
191779,7,FF07RKNA00,Kenai National Wildlife Refuge,Bosmina longirostris,"Bosmina longirostris (O. F. Müller, 1776)",83938,716763,Animals,Crab/Lobster/Shrimp,Animalia,Arthropoda,Branchiopoda,Phyllopoda,,Diplostraca,Cladocera,Bosminidae,Species,Bosmina,,,Present,,,,Native,,,Unknown,,,,,,,,,,,Approved,Accepted,No,,https://www.ciaanet.org/Projects/2017%20HIDDEN%20LAKE%20RPT.pdf,,,,matt_bowser@fws.gov,11/7/2019 11:50:58 AM,matt_bowser@fws.gov,11/7/2019 12:04:55 PM
191776,7,FF07RKNA00,Kenai National Wildlife Refuge,Sabacon occidentalis,"Sabacon occidentalis (Banks, 1894)",1014129,1030928,Animals,Spider/Scorpion,Animalia,Arthropoda,Euchelicerata,Arachnida,,Opiliones,Dyspnoi,Sabaconidae,Species,Sabacon,,,Present,,,,Native,,,Common,,,,,,,,,,,Approved,Accepted,No,,http://arctos.database.museum/guid/KNWR:Ento:11292,,,,matt_bowser@fws.gov,11/6/2019 5:36:30 PM,matt_bowser@fws.gov,11/6/2019 5:36:30 PM
200160,7,FF07RKNA00,Kenai National Wildlife Refuge,Arctosa alpigena,"Arctosa alpigena (Doleschall, 1852)",851883,818059,Animals,Spider/Scorpion,Animalia,Arthropoda,Euchelicerata,Arachnida,,Araneae,,Lycosidae,Species,Arctosa,,,Present,,,,Native,,,Unknown,,,,,,,,,,,Approved,Accepted,No,,https://mczbase.mcz.harvard.edu/guid/MCZ:IZ:76590,,,,matt_bowser@fws.gov,12/16/2019 10:42:34 AM,matt_bowser@fws.gov,12/16/2019 10:42:34 AM
178000,7,FF07RKNA00,Kenai National Wildlife Refuge,Enoplognatha intrepida,"Enoplognatha intrepida (Sørensen, 1898)",855810,820268,Animals,Spider/Scorpion,Animalia,Arthropoda,Euchelicerata,Arachnida,,Araneae,,Theridiidae,Species,Enoplognatha,A cobweb spider,,Present,,, Seasonal Occurrence Uncertain,Native,,,Unknown,,,,,,,,,,,Approved,Accepted,No,,,Collected on LTEMP.,,,Script: Mark_Laker@fws.gov,6/6/2019 12:59:27 AM,Script: Mark_Laker@fws.gov,6/6/2019 12:59:27 AM
178002,7,FF07RKNA00,Kenai National Wildlife Refuge,Erigone tirolensis,"Erigone tirolensis L. Koch, 1872",856128,820586,Animals,Spider/Scorpion,Animalia,Arthropoda,Euchelicerata,Arachnida,,Araneae,,Linyphiidae,Species,Erigone,A dwarf sheetweb spider,,Present,,, Seasonal Occurrence Uncertain,Native,,,Unknown,,,,,,,,,,,Approved,Accepted,No,,"http://arctos.database.museum/guid/KNWR:Ento:6743, http://arctos.database.museum/guid/UAM:Ento:301756",,,,Script: Mark_Laker@fws.gov,6/6/2019 12:59:28 AM,FWSpec-199:matt_bowser@fws.gov,12/9/2019 7:18:36 AM
164860,7,FF07RKNA00,Kenai National Wildlife Refuge,Cyclops columbianus,"Cyclops columbianus Lindberg, 1956",88683,725501,Animals,Crab/Lobster/Shrimp,Animalia,Arthropoda,Maxillopoda,Copepoda,Neocopepoda,Cyclopoida,,Cyclopidae,Species,Cyclops,,,Present,,, Seasonal Occurrence Uncertain,Native,,,Unknown,,,,,,,,,,,Approved,Accepted,No,,"http://www.ciaanet.org/Projects/TUSTUMENA%20RPT%202013.pdf, http://www.sf.adfg.state.ak.us/fedaidpdfs/fred.122.pdf, https://www.ciaanet.org/Projects/2017%20HIDDEN%20LAKE%20RPT.pdf",Cyclops columbianus is known on from Tustumena Lake and Hidden Lake.,,,Script: Mark_Laker@fws.gov,6/5/2019 10:56:57 PM,FWSpec-199:matt_bowser@fws.gov,12/9/2019 7:17:02 AM
163294,7,FF07RKNA00,Kenai National Wildlife Refuge,Ptenothrix,"Ptenothrix Boerner, 1906",100295,3144,Animals,Other Non-vertebrates,Animalia,Arthropoda,Collembola,,,Collembola,Symphypleona,Dicyrtomidae,Genus,Ptenothrix,,,Present,,, Seasonal Occurrence Uncertain,Native,,,Unknown,,,,,,,,,,,Approved,Accepted,No,,,,,,Script: Mark_Laker@fws.gov,6/5/2019 10:44:35 PM,Script: Mark_Laker@fws.gov,6/5/2019 10:44:35 PM
165656,7,FF07RKNA00,Kenai National Wildlife Refuge,Megalepthyphantes nebulosus,"Megalepthyphantes nebulosus (Sundevall, 1830)",860756,801388,Animals,Spider/Scorpion,Animalia,Arthropoda,Euchelicerata,Arachnida,,Araneae,,Linyphiidae,Species,Megalepthyphantes,A sheet-web spider,,Present,,, Seasonal Occurrence Uncertain,Native,,,Unknown,,,,,,,,,,,Approved,Accepted,No,,,Collected on LTEMP. This appears to be a new record for the state.,,,Script: Mark_Laker@fws.gov,6/5/2019 11:04:15 PM,Script: Mark_Laker@fws.gov,6/5/2019 11:04:15 PM
153692,7,FF07RKNA00,Kenai National Wildlife Refuge,Microlinyphia,"Microlinyphia Gerhardt, 1928",848804,800274,Animals,Spider/Scorpion,Animalia,Arthropoda,Euchelicerata,Arachnida,,Araneae,,Linyphiidae,Genus,Microlinyphia,A sheet-web spider,,Present,,, Seasonal Occurrence Uncertain,Native,,,Unknown,,,,,,,,,,,Approved,Accepted,No,,,Collected on LTEMP.,,,Script: Mark_Laker@fws.gov,6/5/2019 8:52:07 PM,Script: Mark_Laker@fws.gov,6/5/2019 8:52:08 PM
153693,7,FF07RKNA00,Kenai National Wildlife Refuge,Pardosa,"Pardosa C. L. Koch, 1847",849078,801754,Animals,Spider/Scorpion,Animalia,Arthropoda,Euchelicerata,Arachnida,,Araneae,,Lycosidae,Genus,Pardosa,,,Present,,, Seasonal Occurrence Uncertain,Native,,,Unknown,,,,,,,,,,,Approved,Accepted,No,,,,,,Script: Mark_Laker@fws.gov,6/5/2019 8:52:08 PM,Script: Mark_Laker@fws.gov,6/5/2019 8:52:08 PM
153752,7,FF07RKNA00,Kenai National Wildlife Refuge,Alopecosa aculeata,"Alopecosa aculeata (Clerck, 1757)",850309,827265,Animals,Spider/Scorpion,Animalia,Arthropoda,Euchelicerata,Arachnida,,Araneae,,Lycosidae,Species,Alopecosa,A wolf spider,,Present,,, Seasonal Occurrence Uncertain,Native,,,Unknown,,,,,,,,,,,Approved,Accepted,No,,http://arctos.database.museum/guid/KNWR:Ento:10342,A specimen was collected by Matthew Bowser W of Mystery Creek Road on 4-VIII-2005. Tentative determination by Matthew Bowser,,,Script: Mark_Laker@fws.gov,6/5/2019 8:52:35 PM,FWSpec-199:matt_bowser@fws.gov,12/9/2019 7:18:42 AM
137857,7,FF07RKNA00,Kenai National Wildlife Refuge,Haemopis lateromaculata,"Haemopis lateromaculata Mathers, 1963",69410,560736,Animals,Other Non-vertebrates,Animalia,Annelida,Clitellata,Lumbriculata,,Hirudinida,Arhynchobdellida,Haemopidae,Species,Haemopis,A horse leach,563583,Present,,, Seasonal Occurrence Uncertain,Native,,,Unknown,,,,,,,,,,,Approved,Accepted,No,,,"{http://dx.doi.org/10.7299/X7GX4BPJ}, {http://dx.doi.org/10.7299/X7959HQT}",,,Script: Mark_Laker@fws.gov,6/5/2019 6:52:10 PM,Script: Mark_Laker@fws.gov,6/5/2019 6:52:11 PM
141293,7,FF07RKNA00,Kenai National Wildlife Refuge,Tibellus,"Tibellus Simon, 1875",873205,787925,Animals,Spider/Scorpion,Animalia,Arthropoda,Euchelicerata,Arachnida,,Araneae,,Philodromidae,Genus,Tibellus,,,Present,,, Seasonal Occurrence Uncertain,Native,,,Unknown,,,,,,,,,,,Approved,Accepted,No,,,,,,Script: Mark_Laker@fws.gov,6/5/2019 7:17:58 PM,Script: Mark_Laker@fws.gov,6/5/2019 7:17:58 PM
200161,7,FF07RKNA00,Kenai National Wildlife Refuge,Erythraeus tonsus,"Erythraeus tonsus (L. Koch, 1879)",,1210518,Animals,Spider/Scorpion,Animalia,Arthropoda,Euchelicerata,Arachnida,,Trombidiformes,Prostigmata,Erythraeidae,Species,Erythraeus,,,Present,,,,Native,,,Unknown,,,,,,,,,,,Approved,Accepted,No,,"http://arctos.database.museum/guid/KNWR:Ento:6407, http://arctos.database.museum/guid/KNWR:Ento:6414",,,,matt_bowser@fws.gov,12/17/2019 10:16:57 AM,matt_bowser@fws.gov,12/17/2019 10:34:32 AM
191787,7,FF07RKNA00,Kenai National Wildlife Refuge,Strigamia chionophila,"Strigamia chionophila Wood, 1862",1092254,1186269,Animals,Other Non-vertebrates,Animalia,Arthropoda,Chilopoda,Pleurostigmophora,,Geophilomorpha,Adesmata,Geophilidae,Species,Strigamia,,,Present,,,,Native,,,Common,,,,,,,,,,,Approved,Accepted,No,,http://arctos.database.museum/guid/KNWR:Ento:7331,,,,matt_bowser@fws.gov,11/13/2019 10:13:24 AM,matt_bowser@fws.gov,11/13/2019 10:13:24 AM
191788,7,FF07RKNA00,Kenai National Wildlife Refuge,Lithobius stejnegeri,"Lithobius stejnegeri (Bollman, 1893)",1087878,1181896,Animals,Other Non-vertebrates,Animalia,Arthropoda,Chilopoda,Pleurostigmophora,,Lithobiomorpha,,Lithobiidae,Species,Lithobius,,,Present,,,,Native,,,Unknown,,,,,,,,,,,Approved,Accepted,No,,http://arctos.database.museum/guid/KNWR:Ento:6373,,,,matt_bowser@fws.gov,11/13/2019 10:15:57 AM,matt_bowser@fws.gov,11/13/2019 10:15:57 AM
191784,7,FF07RKNA00,Kenai National Wildlife Refuge,Daphnia longiremis,"Daphnia longiremis G. O. Sars, 1861",83887,716706,Animals,Crab/Lobster/Shrimp,Animalia,Arthropoda,Branchiopoda,Phyllopoda,,Diplostraca,Cladocera,Daphniidae,Species,Daphnia,,,Present,,,,Native,,,Unknown,,,,,,,,,,,Approved,Accepted,No,,https://www.ciaanet.org/Projects/2017%20HIDDEN%20LAKE%20RPT.pdf,,,,matt_bowser@fws.gov,11/12/2019 5:51:11 PM,matt_bowser@fws.gov,11/12/2019 5:51:12 PM
176106,7,FF07RKNA00,Kenai National Wildlife Refuge,Lumbricus rubellus,"Lumbricus rubellus Hoffmeister, 1843",977383,962730,Animals,Other Non-vertebrates,Animalia,Annelida,Clitellata,,,Opisthopora,Crassiclitellata,Lumbricidae,Species,Lumbricus,Red marsh worm,,Present,,, Seasonal Occurrence Uncertain,Non-native,Invasive,,Unknown,,,,,,,,,,,Approved,Accepted,No,,http://arctos.database.museum/guid/KNWR:Ento:6755,,,,Script: Mark_Laker@fws.gov,6/6/2019 12:44:16 AM,FWSpec-199:matt_bowser@fws.gov,12/9/2019 7:18:59 AM
176107,7,FF07RKNA00,Kenai National Wildlife Refuge,Dendrobaena octaedra,"Dendrobaena octaedra (Savigny, 1826)",975999,965183,Animals,Other Non-vertebrates,Animalia,Annelida,Clitellata,,,Opisthopora,Crassiclitellata,Lumbricidae,Species,Dendrobaena,Octagonal-tailed worm,,Present,,, Seasonal Occurrence Uncertain,Non-native,,,Unknown,,,,,,,,,,,Approved,Accepted,No,,"http://arctos.database.museum/guid/KNWR:Ento:6764, http://arctos.database.museum/guid/KNWR:Ento:7045, http://arctos.database.museum/guid/KNWR:Ento:7046, http://arctos.database.museum/guid/KNWR:Ento:7047, http://arctos.database.museum/guid/KNWR:Ento:7049, http://arctos.database.museum/guid/KNWR:Ento:7050, http://arctos.database.museum/guid/KNWR:Ento:7052, http://arctos.database.museum/guid/KNWR:Ento:7053, http://arctos.database.museum/guid/KNWR:Ento:7054, http://arctos.database.museum/guid/KNWR:Ento:7055, http://arctos.database.museum/guid/KNWR:Ento:7056, http://arctos.database.museum/guid/KNWR:Ento:7057, http://arctos.database.museum/guid/KNWR:Ento:7058, http://arctos.database.museum/guid/KNWR:Ento:7059, http://arctos.database.museum/guid/KNWR:Ento:7065, http://arctos.database.museum/guid/KNWR:Ento:7066, http://arctos.database.museum/guid/KNWR:Ento:7067, http://arctos.database.museum/guid/KNWR:Ento:7068, http://arctos.database.museum/guid/KNWR:Ento:7069, http://arctos.database.museum/guid/KNWR:Ento:7070, http://arctos.database.museum/guid/KNWR:Ento:7071, http://arctos.database.museum/guid/KNWR:Ento:7072, http://arctos.database.museum/guid/KNWR:Ento:7074, http://arctos.database.museum/guid/KNWR:Ento:7076, http://arctos.database.museum/guid/KNWR:Ento:7077, http://arctos.database.museum/guid/KNWR:Ento:7078, http://arctos.database.museum/guid/KNWR:Ento:7079, http://arctos.database.museum/guid/KNWR:Ento:7080, http://arctos.database.museum/guid/KNWR:Ento:7081",,,,Script: Mark_Laker@fws.gov,6/6/2019 12:44:17 AM,FWSpec-199:matt_bowser@fws.gov,12/9/2019 7:19:00 AM
176108,7,FF07RKNA00,Kenai National Wildlife Refuge,Lumbricus terrestris,"Lumbricus terrestris Linnaeus, 1758",977384,981882,Animals,Other Non-vertebrates,Animalia,Annelida,Clitellata,,,Opisthopora,Crassiclitellata,Lumbricidae,Species,Lumbricus,Nightcrawler,,Present,,, Seasonal Occurrence Uncertain,Non-native,Invasive,,Unknown,,,,,,,,,,,Approved,Accepted,No,,"http://arctos.database.museum/guid/KNWR:Ento:7060, http://arctos.database.museum/guid/KNWR:Ento:7063",,,,Script: Mark_Laker@fws.gov,6/6/2019 12:44:18 AM,FWSpec-199:matt_bowser@fws.gov,12/9/2019 7:19:00 AM
159804,7,FF07RKNA00,Kenai National Wildlife Refuge,Anthelia,"Anthelia Lamarck, 1816",719043,616034,Animals,Other Non-vertebrates,Animalia,Cnidaria,Anthozoa,Octocorallia,,Alcyonacea,,Xeniidae,Genus,Anthelia,,,Present,,, Seasonal Occurrence Uncertain,Native,,,Unknown,,,,,,,,,,,Approved,Accepted,No,,,,,,Script: Mark_Laker@fws.gov,6/5/2019 10:01:22 PM,Script: Mark_Laker@fws.gov,6/5/2019 10:01:22 PM
160223,7,FF07RKNA00,Kenai National Wildlife Refuge,Eurycercus longirostris,"Eurycercus longirostris Hann, 1982",84019,718121,Animals,Crab/Lobster/Shrimp,Animalia,Arthropoda,Branchiopoda,Phyllopoda,,Diplostraca,Cladocera,Chydoridae,Species,Eurycercus,,,Present,,, Seasonal Occurrence Uncertain,Native,,,Unknown,,,,,,,,,,,Approved,Accepted,No,,,There is a specimen record from Watson Lake viewable via the LifeScanner app.,,,Script: Mark_Laker@fws.gov,6/5/2019 10:06:01 PM,Script: Mark_Laker@fws.gov,6/5/2019 10:06:02 PM
153656,7,FF07RKNA00,Kenai National Wildlife Refuge,Mesenchytraeus solifugus,"Mesenchytraeus solifugus (Emery, 1898)",980415,985968,Animals,Other Non-vertebrates,Animalia,Annelida,Clitellata,,,,,Enchytraeidae,Species,Mesenchytraeus,Ice worm,,Present,,, Seasonal Occurrence Uncertain,Native,,,Unknown,,,,,,,,,,,Approved,Accepted,No,,,,,,Script: Mark_Laker@fws.gov,6/5/2019 8:51:51 PM,Script: Mark_Laker@fws.gov,6/5/2019 8:51:52 PM
141126,7,FF07RKNA00,Kenai National Wildlife Refuge,Agelenopsis,"Agelenopsis Giebel, 1869",871575,790261,Animals,Spider/Scorpion,Animalia,Arthropoda,Euchelicerata,Arachnida,,Araneae,,Agelenidae,Genus,Agelenopsis,A funnel weaver,,Present,,, Seasonal Occurrence Uncertain,Native,,,Unknown,,,,,,,,,,,Approved,Accepted,No,,,A specimen was collected by Te'Audra Sanders in July 2009 near the boardwalk on Headquarters Lake.,,,Script: Mark_Laker@fws.gov,6/5/2019 7:16:36 PM,Script: Mark_Laker@fws.gov,6/5/2019 7:16:36 PM
141294,7,FF07RKNA00,Kenai National Wildlife Refuge,Emblyna annulipes,"Emblyna annulipes (Blackwall, 1846)",879245,789077,Animals,Spider/Scorpion,Animalia,Arthropoda,Euchelicerata,Arachnida,,Araneae,,Dictynidae,Species,Emblyna,A meashweaver spider,,Present,,, Seasonal Occurrence Uncertain,Native,,,Unknown,,,,,,,,,,,Approved,Accepted,No,,"http://arctos.database.museum/guid/KNWR:Ento:6468, http://arctos.database.museum/guid/KNWR:Ento:6472, http://arctos.database.museum/guid/KNWR:Ento:6582, http://arctos.database.museum/guid/KNWR:Ento:6601, http://arctos.database.museum/guid/KNWR:Ento:6638, http://arctos.database.museum/guid/KNWR:Ento:6641, http://arctos.database.museum/guid/KNWR:Ento:6644, http://arctos.database.museum/guid/UAM:Ento:301757, http://arctos.database.museum/guid/UAM:Ento:301762, http://arctos.database.museum/guid/UAM:Ento:313703, http://arctos.database.museum/guid/UAM:Ento:313704, http://arctos.database.museum/guid/UAM:Ento:313705, http://arctos.database.museum/guid/UAM:Ento:313706, http://arctos.database.museum/guid/UAM:Ento:313716",,,,Script: Mark_Laker@fws.gov,6/5/2019 7:17:58 PM,FWSpec-199:matt_bowser@fws.gov,12/9/2019 7:17:16 AM
165678,7,FF07RKNA00,Kenai National Wildlife Refuge,Araneus corticarius,"Araneus corticarius (Emerton, 1884)",851373,817549,Animals,Spider/Scorpion,Animalia,Arthropoda,Euchelicerata,Arachnida,,Araneae,,Araneidae,Species,Araneus,,,Present,,, Seasonal Occurrence Uncertain,Native,,,Unknown,,,,,,,,,,,Approved,Accepted,No,,http://arctos.database.museum/guid/KNWR:Ento:10328,,,,Script: Mark_Laker@fws.gov,6/5/2019 11:04:26 PM,FWSpec-199:matt_bowser@fws.gov,12/9/2019 7:17:36 AM
161292,7,FF07RKNA00,Kenai National Wildlife Refuge,Misumena vatia,"Misumena vatia (Clerck, 1757)",883786,792696,Animals,Spider/Scorpion,Animalia,Arthropoda,Euchelicerata,Arachnida,,Araneae,,Thomisidae,Species,Misumena,,,Present,,, Seasonal Occurrence Uncertain,Native,,,Unknown,,,,,,,,,,,Approved,Accepted,No,,http://arctos.database.museum/guid/KNWR:Ento:3364,Collected for Kenai NWR Long Term Ecological Monitoring Program,,,Script: Mark_Laker@fws.gov,6/5/2019 10:17:54 PM,FWSpec-199:matt_bowser@fws.gov,12/9/2019 7:15:05 AM
156152,7,FF07RKNA00,Kenai National Wildlife Refuge,Glossiphonia complanata,"Glossiphonia complanata (Linnaeus, 1758)",69381,561715,Animals,Other Non-vertebrates,Animalia,Annelida,Clitellata,Lumbriculata,,Hirudinida,Rhynchobdellida,Glossiphoniidae,Species,Glossiphonia,,,Present,,, Seasonal Occurrence Uncertain,Native,,,Unknown,,,,,,,,,,,Approved,Accepted,No,,,{http://dx.doi.org/10.7299/X7959HQT},,,Script: Mark_Laker@fws.gov,6/5/2019 9:17:42 PM,Script: Mark_Laker@fws.gov,6/5/2019 9:17:42 PM
153703,7,FF07RKNA00,Kenai National Wildlife Refuge,Pocadicnemis pumila,"Pocadicnemis pumila (Blackwall, 1841)",865584,805308,Animals,Spider/Scorpion,Animalia,Arthropoda,Euchelicerata,Arachnida,,Araneae,,Linyphiidae,Species,Pocadicnemis,,,Present,,, Seasonal Occurrence Uncertain,Native,,,Unknown,,,,,,,,,,,Approved,Accepted,No,,"http://arctos.database.museum/guid/KNWR:Ento:6506, http://arctos.database.museum/guid/UAM:Ento:301759",,,,Script: Mark_Laker@fws.gov,6/5/2019 8:52:13 PM,FWSpec-199:matt_bowser@fws.gov,12/9/2019 7:18:34 AM
141295,7,FF07RKNA00,Kenai National Wildlife Refuge,Emblyna chitina,"Emblyna chitina (Chamberlin & Gertsch, 1958)",879255,789087,Animals,Spider/Scorpion,Animalia,Arthropoda,Euchelicerata,Arachnida,,Araneae,,Dictynidae,Species,Emblyna,,,Present,,, Seasonal Occurrence Uncertain,Native,,,Unknown,,,,,,,,,,,Approved,Accepted,No,,"http://arctos.database.museum/guid/KNWR:Ento:6627, http://arctos.database.museum/guid/UAM:Ento:313707",,,,Script: Mark_Laker@fws.gov,6/5/2019 7:17:59 PM,FWSpec-199:matt_bowser@fws.gov,12/9/2019 7:17:16 AM
141335,7,FF07RKNA00,Kenai National Wildlife Refuge,Ceratinella ornatula,"Ceratinella ornatula (Crosby & Bishop, 1925)",853534,818654,Animals,Spider/Scorpion,Animalia,Arthropoda,Euchelicerata,Arachnida,,Araneae,,Linyphiidae,Species,Ceratinella,,,Present,,, Seasonal Occurrence Uncertain,Native,,,Unknown,,,,,,,,,,,Approved,Accepted,No,,"http://arctos.database.museum/guid/KNWR:Ento:6473, http://arctos.database.museum/guid/UAM:Ento:309419",,,,Script: Mark_Laker@fws.gov,6/5/2019 7:18:15 PM,FWSpec-199:matt_bowser@fws.gov,12/9/2019 7:18:36 AM
165900,7,FF07RKNA00,Kenai National Wildlife Refuge,Sminthurus,"Sminthurus Latreille, 1802",100376,4574,Animals,Other Non-vertebrates,Animalia,Arthropoda,Collembola,,,Collembola,Symphypleona,Sminthuridae,Genus,Sminthurus,,4575,Present,,, Seasonal Occurrence Uncertain,Native,,,Unknown,,,,,,,,,,,Approved,Accepted,No,,,,,,Script: Mark_Laker@fws.gov,6/5/2019 11:06:15 PM,Script: Mark_Laker@fws.gov,6/5/2019 11:06:15 PM
160225,7,FF07RKNA00,Kenai National Wildlife Refuge,Halobisium occidentale,"Halobisium occidentale Beier, 1931",82726,718886,Animals,Spider/Scorpion,Animalia,Arthropoda,Euchelicerata,Arachnida,,Pseudoscorpiones,Iocheirata,Neobisiidae,Species,Halobisium,Intertidal pseudoscorpion,,Present,,, Seasonal Occurrence Uncertain,Native,,,Unknown,,,,,,,,,,,Approved,Accepted,No,,"http://www.inaturalist.org/observations/6565787, http://www.inaturalist.org/observations/6612878",,,,Script: Mark_Laker@fws.gov,6/5/2019 10:06:02 PM,FWSpec-199:matt_bowser@fws.gov,12/9/2019 7:17:02 AM
159836,7,FF07RKNA00,Kenai National Wildlife Refuge,Nothrus borussicus,"Nothrus borussicus Sellnick, 1928",736868,653523,Animals,Spider/Scorpion,Animalia,Arthropoda,Euchelicerata,Arachnida,,Sarcoptiformes,Oribatida,Nothridae,Species,Nothrus,,,Present,,, Seasonal Occurrence Uncertain,Native,,,Unknown,,,,,,,,,,,Approved,Accepted,No,,,Collected on nunatak in Harding Icefield from soil core by Berlese funnel. Determination by Dr. Zoe Lindo.,,,Script: Mark_Laker@fws.gov,6/5/2019 10:01:46 PM,Script: Mark_Laker@fws.gov,6/5/2019 10:01:47 PM
159839,7,FF07RKNA00,Kenai National Wildlife Refuge,Eremaeus translamellatus,"Eremaeus translamellatus Hammer, 1952",738565,657641,Animals,Spider/Scorpion,Animalia,Arthropoda,Euchelicerata,Arachnida,,Sarcoptiformes,Oribatida,Eremaeidae,Species,Eremaeus,An oribatid mite,,Present,,, Seasonal Occurrence Uncertain,Native,,,Unknown,,,,,,,,,,,Approved,Accepted,No,,,Collected in 2007 from a nunatak in the Harding Icefield. Extracted from a soil core by Berlese funnel. Determination by Dr. Zoe Lindo.,,,Script: Mark_Laker@fws.gov,6/5/2019 10:01:48 PM,Script: Mark_Laker@fws.gov,6/5/2019 10:01:48 PM
153577,7,FF07RKNA00,Kenai National Wildlife Refuge,Theridiosomatidae,"Theridiosomatidae Simon, 1881",847766,885356,Animals,Spider/Scorpion,Animalia,Arthropoda,Euchelicerata,Arachnida,,Araneae,,Theridiosomatidae,Family,,,,Present,,, Seasonal Occurrence Uncertain,Native,,,Unknown,,,,,,,,,,,Approved,Accepted,No,,,,,,Script: Mark_Laker@fws.gov,6/5/2019 8:51:05 PM,Script: Mark_Laker@fws.gov,6/5/2019 8:51:06 PM
156153,7,FF07RKNA00,Kenai National Wildlife Refuge,Helobdella stagnalis,"Helobdella stagnalis (Linnaeus, 1758)",69398,563878,Animals,Other Non-vertebrates,Animalia,Annelida,Clitellata,Lumbriculata,,Hirudinida,Rhynchobdellida,Glossiphoniidae,Species,Helobdella,,,Present,,, Seasonal Occurrence Uncertain,Native,,,Unknown,,,,,,,,,,,Approved,Accepted,No,,,{http://dx.doi.org/10.7299/X7959HQT},,,Script: Mark_Laker@fws.gov,6/5/2019 9:17:42 PM,Script: Mark_Laker@fws.gov,6/5/2019 9:17:43 PM
141296,7,FF07RKNA00,Kenai National Wildlife Refuge,Emblyna manitoba,"Emblyna manitoba (Ivie, 1947)",879279,789111,Animals,Spider/Scorpion,Animalia,Arthropoda,Euchelicerata,Arachnida,,Araneae,,Dictynidae,Species,Emblyna,,,Present,,, Seasonal Occurrence Uncertain,Native,,,Unknown,,,,,,,,,,,Approved,Accepted,No,,"http://arctos.database.museum/guid/KNWR:Ento:2090, http://arctos.database.museum/guid/UAM:Ento:313708, http://arctos.database.museum/guid/UAM:Ento:313714, http://arctos.database.museum/guid/UAM:Ento:313715",,,,Script: Mark_Laker@fws.gov,6/5/2019 7:17:59 PM,FWSpec-199:matt_bowser@fws.gov,12/9/2019 7:17:16 AM
141128,7,FF07RKNA00,Kenai National Wildlife Refuge,Coriarachne,"Coriarachne Thorell, 1870",871926,794364,Animals,Spider/Scorpion,Animalia,Arthropoda,Euchelicerata,Arachnida,,Araneae,,Thomisidae,Genus,Coriarachne,,,Present,,, Seasonal Occurrence Uncertain,Native,,,Unknown,,,,,,,,,,,Approved,Accepted,No,,,,,,Script: Mark_Laker@fws.gov,6/5/2019 7:16:37 PM,Script: Mark_Laker@fws.gov,6/5/2019 7:16:37 PM
141342,7,FF07RKNA00,Kenai National Wildlife Refuge,Estrandia grandaeva,"Estrandia grandaeva (Keyserling, 1886)",856282,820866,Animals,Spider/Scorpion,Animalia,Arthropoda,Euchelicerata,Arachnida,,Araneae,,Linyphiidae,Species,Estrandia,A sheet-web spider,,Present,,, Seasonal Occurrence Uncertain,Native,,,Unknown,,,,,,,,,,,Approved,Accepted,No,,"http://arctos.database.museum/guid/KNWR:Ento:2164, http://arctos.database.museum/guid/KNWR:Ento:3804, http://arctos.database.museum/guid/KNWR:Ento:4716, http://arctos.database.museum/guid/KNWR:Ento:6417, http://arctos.database.museum/guid/KNWR:Ento:6419, http://arctos.database.museum/guid/KNWR:Ento:6426, http://arctos.database.museum/guid/KNWR:Ento:6428, http://arctos.database.museum/guid/KNWR:Ento:6432, http://arctos.database.museum/guid/KNWR:Ento:6438, http://arctos.database.museum/guid/KNWR:Ento:6439, http://arctos.database.museum/guid/KNWR:Ento:6442, http://arctos.database.museum/guid/KNWR:Ento:6443, http://arctos.database.museum/guid/KNWR:Ento:6446, http://arctos.database.museum/guid/KNWR:Ento:6462, http://arctos.database.museum/guid/KNWR:Ento:6476, http://arctos.database.museum/guid/KNWR:Ento:6479, http://arctos.database.museum/guid/KNWR:Ento:6484, http://arctos.database.museum/guid/KNWR:Ento:6486, http://arctos.database.museum/guid/KNWR:Ento:6491, http://arctos.database.museum/guid/KNWR:Ento:6492, http://arctos.database.museum/guid/KNWR:Ento:6494, http://arctos.database.museum/guid/KNWR:Ento:6502, http://arctos.database.museum/guid/KNWR:Ento:6507, http://arctos.database.museum/guid/KNWR:Ento:6508, http://arctos.database.museum/guid/KNWR:Ento:6515, http://arctos.database.museum/guid/KNWR:Ento:6518, http://arctos.database.museum/guid/KNWR:Ento:6525, http://arctos.database.museum/guid/KNWR:Ento:6529, http://arctos.database.museum/guid/KNWR:Ento:6532, http://arctos.database.museum/guid/KNWR:Ento:6543, http://arctos.database.museum/guid/KNWR:Ento:6547, http://arctos.database.museum/guid/KNWR:Ento:6556, http://arctos.database.museum/guid/KNWR:Ento:6562, http://arctos.database.museum/guid/KNWR:Ento:6574, http://arctos.database.museum/guid/KNWR:Ento:6592, http://arctos.database.museum/guid/KNWR:Ento:6593, http://arctos.database.museum/guid/KNWR:Ento:6595, http://arctos.database.museum/guid/KNWR:Ento:6611, http://arctos.database.museum/guid/KNWR:Ento:6625, http://arctos.database.museum/guid/KNWR:Ento:6639, http://arctos.database.museum/guid/KNWR:Ento:6653",Collected on LTEMP.,,,Script: Mark_Laker@fws.gov,6/5/2019 7:18:18 PM,FWSpec-199:matt_bowser@fws.gov,12/9/2019 7:18:37 AM
138958,7,FF07RKNA00,Kenai National Wildlife Refuge,Acari,Acari,733321,643298,Animals,Spider/Scorpion,Animalia,Arthropoda,Euchelicerata,Acari,,,,,Subclass,,,719625,Present,,, Seasonal Occurrence Uncertain,Native,,,Unknown,,,,,,,,,,,Approved,Accepted,No,,,,,,Script: Mark_Laker@fws.gov,6/5/2019 6:59:09 PM,Script: Mark_Laker@fws.gov,6/5/2019 6:59:10 PM
161300,7,FF07RKNA00,Kenai National Wildlife Refuge,Tetragnatha,"Tetragnatha Latreille, 1804",849511,802723,Animals,Spider/Scorpion,Animalia,Arthropoda,Euchelicerata,Arachnida,,Araneae,,Tetragnathidae,Genus,Tetragnatha,,,Present,,, Seasonal Occurrence Uncertain,Native,,,Unknown,,,,,,,,,,,Approved,Accepted,No,,,,,,Script: Mark_Laker@fws.gov,6/5/2019 10:17:58 PM,Script: Mark_Laker@fws.gov,6/5/2019 10:17:59 PM
160254,7,FF07RKNA00,Kenai National Wildlife Refuge,Diaptomus pribilofensis,Diaptomus pribilofensis Juday and Muttkowski,85801,724464,Animals,Crab/Lobster/Shrimp,Animalia,Arthropoda,Maxillopoda,Copepoda,Neocopepoda,Calanoida,,Diaptomidae,Species,Diaptomus,,,Present,,, Seasonal Occurrence Uncertain,Native,,,Unknown,,,,,,,,,,,Approved,Accepted,No,,http://www.sf.adfg.state.ak.us/fedaidpdfs/fred.122.pdf,Known from Tustumena Lake {http://www.ciaanet.org/Projects/TUSTUMENA%20RPT%202013.pdf}.,,,Script: Mark_Laker@fws.gov,6/5/2019 10:06:29 PM,FWSpec-199:matt_bowser@fws.gov,12/9/2019 7:17:02 AM
163053,7,FF07RKNA00,Kenai National Wildlife Refuge,Radix auricularia,"Radix auricularia (Linnaeus, 1758)",76526,708220,Animals,Slug/Snail,Animalia,Mollusca,Gastropoda,,,Basommatophora,,Lymnaeidae,Species,Radix,,,Present,,, Seasonal Occurrence Uncertain,Native,,,Unknown,,,,,,,,,,,Approved,Accepted,No,,"http://arctos.database.museum/guid/KNWR:Ento:11102, http://arctos.database.museum/guid/KNWR:Ento:11200","A COI sequence from a a specimen collected at Stormy Lake\footnote{\url{http://arctos.database.museum/guid/KNWR:Ento:11102}} is most similar to a sequence of \itaxon{Radix!auricularia} from the Kuril Islands, suggesting that the Kenai Peninsula population may be Beringian.",,,Script: Mark_Laker@fws.gov,6/5/2019 10:42:02 PM,FWSpec-199:matt_bowser@fws.gov,12/9/2019 7:17:01 AM
165680,7,FF07RKNA00,Kenai National Wildlife Refuge,Araniella displicata,"Araniella displicata (Hentz, 1847)",851857,818033,Animals,Spider/Scorpion,Animalia,Arthropoda,Euchelicerata,Arachnida,,Araneae,,Araneidae,Species,Araniella,Sixspotted orbweaver,,Present,,, Seasonal Occurrence Uncertain,Native,,,Unknown,,,,,,,,,,,Approved,Accepted,No,,"http://arctos.database.museum/guid/KNWR:Ento:4753, http://arctos.database.museum/guid/KNWR:Ento:6431, http://arctos.database.museum/guid/KNWR:Ento:6545, http://www.inaturalist.org/observations/1454197",Collected on LTEMP.,,,Script: Mark_Laker@fws.gov,6/5/2019 11:04:26 PM,FWSpec-199:matt_bowser@fws.gov,12/9/2019 7:17:36 AM
164873,7,FF07RKNA00,Kenai National Wildlife Refuge,Collembola,Collembola,99237,754713,Animals,Other Non-vertebrates,Animalia,Arthropoda,Collembola,,,Collembola,,,Order,,Snow flies,,Present,,, Seasonal Occurrence Uncertain,Native,,,Unknown,,,,,,,,,,,Approved,Accepted,No,,,,,,Script: Mark_Laker@fws.gov,6/5/2019 10:57:04 PM,Script: Mark_Laker@fws.gov,6/5/2019 10:57:04 PM
150282,7,FF07RKNA00,Kenai National Wildlife Refuge,Polycelis coronata,"Polycelis coronata (Girard, 1891)",54512,247878,Animals,Other Non-vertebrates,Animalia,Platyhelminthes,Trepaxonemata,,,Neoophora,Eulecithophora,Planariidae,Species,Polycelis,,,Present,,, Seasonal Occurrence Uncertain,Native,,,Unknown,,,,,,,,,,,Approved,Accepted,No,,http://www.inaturalist.org/observations/6565818,,,,Script: Mark_Laker@fws.gov,6/5/2019 8:26:30 PM,FWSpec-199:matt_bowser@fws.gov,12/9/2019 7:15:45 AM
141300,7,FF07RKNA00,Kenai National Wildlife Refuge,Evarcha proszynskii,"Evarcha proszynskii Marusik & Logunov, 1998",879798,797038,Animals,Spider/Scorpion,Animalia,Arthropoda,Euchelicerata,Arachnida,,Araneae,,Salticidae,Species,Evarcha,A jumping spider,,Present,,, Seasonal Occurrence Uncertain,Native,,,Unknown,,,,,,,,,,,Approved,Accepted,No,,,,,,Script: Mark_Laker@fws.gov,6/5/2019 7:18:00 PM,Script: Mark_Laker@fws.gov,6/5/2019 7:18:01 PM
130903,7,FF07RKNA00,Kenai National Wildlife Refuge,Megalothorax minimus,"Megalothorax minimus Willem, 1900",100492,5105,Animals,Other Non-vertebrates,Animalia,Arthropoda,Collembola,,,Collembola,Neelipleona,Neelidae,Species,Megalothorax,A minute springtail,"5104, 5106",Present,,, Seasonal Occurrence Uncertain,Native,,,Unknown,,,,,,,,,,,Approved,Accepted,No,,,,,,Script: Mark_Laker@fws.gov,6/5/2019 6:02:54 PM,Script: Mark_Laker@fws.gov,6/5/2019 6:02:56 PM
188438,7,FF07RKNA00,Kenai National Wildlife Refuge,Simocephalus serrulatus,"Simocephalus serrulatus (Koch, 1841)",83901,716723,Animals,Crab/Lobster/Shrimp,Animalia,Arthropoda,Branchiopoda,Phyllopoda,,Diplostraca,Cladocera,Daphniidae,Species,Simocephalus,,,Present,,,,Native,,,Unknown,,,,,,,,,,,Approved,Accepted,No,,"https://www.ebi.ac.uk/ena/data/view/MG936115, https://www.ebi.ac.uk/ena/data/view/MG936598",,,,matt_bowser@fws.gov,10/30/2019 9:48:53 AM,matt_bowser@fws.gov,10/30/2019 9:48:54 AM
135466,7,FF07RKNA00,Kenai National Wildlife Refuge,Littorina subrotundata,"Littorina subrotundata (Carpenter, 1864)",567808,292864,Animals,Slug/Snail,Animalia,Mollusca,Gastropoda,,,Neotaenioglossa,,Littorinidae,Species,Littorina,Salt Marsh Periwinkle,,Present,,, Seasonal Occurrence Uncertain,Native,,,Unknown,,,,,,,,,,,Approved,Accepted,No,,http://www.inaturalist.org/observations/6612398,,,,Script: Mark_Laker@fws.gov,6/5/2019 6:33:46 PM,FWSpec-199:matt_bowser@fws.gov,12/9/2019 7:16:54 AM
138783,7,FF07RKNA00,Kenai National Wildlife Refuge,Mermis nigrescens,Mermis nigrescens,63276,430360,Animals,Other Non-vertebrates,Animalia,Nematoda,Dorylaimea,,,Mermithida,,Mermithidae,Species,Mermis,grasshopper nematode,,Present,,, Seasonal Occurrence Uncertain,Native,,,Unknown,,,,,,,,,,,Approved,Accepted,No,,"http://arctos.database.museum/guid/KNWR:Inv:17, http://arctos.database.museum/guid/KNWR:Inv:19","This species is widespread across the Old World and North America, including Canada \citep{MulveyNickle1978, Capinera2011}.|\itaxon{Mermis nigrescens} is a parasite of \itaxon{Orthoptera} \citep{Capinera2011}.",,,Script: Mark_Laker@fws.gov,6/5/2019 6:57:48 PM,FWSpec-199:matt_bowser@fws.gov,12/9/2019 7:17:58 AM
139535,7,FF07RKNA00,Kenai National Wildlife Refuge,Symphypleona,Symphypleona,100257,3102,Animals,Other Non-vertebrates,Animalia,Arthropoda,Collembola,,,Collembola,Symphypleona,,Suborder,,Globular springtails,,Present,,, Seasonal Occurrence Uncertain,Native,,,Unknown,,,,,,,,,,,Approved,Accepted,No,,,,,,Script: Mark_Laker@fws.gov,6/5/2019 7:03:29 PM,Script: Mark_Laker@fws.gov,6/5/2019 7:03:30 PM
139536,7,FF07RKNA00,Kenai National Wildlife Refuge,Sminthuridae,Sminthuridae,100258,3103,Animals,Other Non-vertebrates,Animalia,Arthropoda,Collembola,,,Collembola,Symphypleona,Sminthuridae,Family,,,3104,Present,,, Seasonal Occurrence Uncertain,Native,,,Unknown,,,,,,,,,,,Approved,Accepted,No,,,,,,Script: Mark_Laker@fws.gov,6/5/2019 7:03:30 PM,Script: Mark_Laker@fws.gov,6/5/2019 7:03:31 PM
141050,7,FF07RKNA00,Kenai National Wildlife Refuge,Cyclops strenuus,"Cyclops strenuus Fischer, 1851",88687,725505,Animals,Crab/Lobster/Shrimp,Animalia,Arthropoda,Maxillopoda,Copepoda,Neocopepoda,Cyclopoida,,Cyclopidae,Species,Cyclops,,,Present,,, Seasonal Occurrence Uncertain,Native,,,Unknown,,,,,,,,,,,Approved,Accepted,No,,http://n2t.net/ark:/65665/3ca80a4dd-9f67-4632-a767-4239c619e05d,"Catalog Number:  USNM 227120 Scientific Name:  Cyclops strenuus Fischer, 1851 Identified By:  Reid, Janet W., Smithsonian Institution, National Museum of Natural History Date Identified:  1985 Current Name:  Other Identifications:  Type Citations:  Kind of Voucher:  Classification:  Animalia, Arthropoda, Crustacea, Maxillopoda, Copepoda, Cyclopoida, Cyclopidae Common Name:  Copepods Collection Name:  Object Count:  4 Sex and Stage:  Preparation:  Alcohol (Ethanol) Station Number:  Collector(s):  Date Collected:  1985-07-19 Collection Method:  Ocean:  Sea/Gulf:  Bay/Sound:  Country:  United States Province/State:  Alaska District/County:  City/Town:  Precise Locality:  Kenai Peninsula, Tustumena Lake {http://collections.nmnh.si.edu/search/iz/?irn=179447}",,,Script: Mark_Laker@fws.gov,6/5/2019 7:15:57 PM,FWSpec-199:matt_bowser@fws.gov,12/9/2019 7:17:02 AM
141303,7,FF07RKNA00,Kenai National Wildlife Refuge,Dictyna arundinacea,"Dictyna arundinacea (Linnaeus, 1758)",878258,798800,Animals,Spider/Scorpion,Animalia,Arthropoda,Euchelicerata,Arachnida,,Araneae,,Dictynidae,Species,Dictyna,A meshweaver spider,,Present,,, Seasonal Occurrence Uncertain,Native,,,Unknown,,,,,,,,,,,Approved,Accepted,No,,"http://arctos.database.museum/guid/KNWR:Ento:6454, http://arctos.database.museum/guid/KNWR:Ento:6578, http://arctos.database.museum/guid/KNWR:Ento:6609, http://arctos.database.museum/guid/KNWR:Ento:6838, http://arctos.database.museum/guid/UAM:Ento:296259, http://arctos.database.museum/guid/UAM:Ento:296263, http://arctos.database.museum/guid/UAM:Ento:296264, http://arctos.database.museum/guid/UAM:Ento:296268",Collected on LTEMP. Determination by Joey Slowik.,,,Script: Mark_Laker@fws.gov,6/5/2019 7:18:02 PM,FWSpec-199:matt_bowser@fws.gov,12/9/2019 7:17:21 AM
141178,7,FF07RKNA00,Kenai National Wildlife Refuge,Menetus opercularis,"Menetus opercularis (Gould, 1847)",76628,708339,Animals,Slug/Snail,Animalia,Mollusca,Gastropoda,,,Basommatophora,,Planorbidae,Species,Menetus,,707519,Present,,, Seasonal Occurrence Uncertain,Native,,,Unknown,,,,,,,,,,,Approved,Accepted,No,,,,,,Script: Mark_Laker@fws.gov,6/5/2019 7:17:00 PM,Script: Mark_Laker@fws.gov,6/5/2019 7:17:01 PM
141190,7,FF07RKNA00,Kenai National Wildlife Refuge,Anodonta beringiana,"Anodonta beringiana Middendorff, 1851",79931,715272,Animals,Other Non-vertebrates,Animalia,Mollusca,Bivalvia,Palaeoheterodonta,,Unionoida,,Unionidae,Species,Anodonta,Yukon floater,"977304, 982408, 983173, 983712, 983989, 985685, 986098",Present,,, Seasonal Occurrence Uncertain,Native,,,Unknown,,,,,,,,,,,Approved,Accepted,No,,"http://www.inaturalist.org/observations/3672927, http://www.inaturalist.org/observations/3673034, http://www.inaturalist.org/observations/6904203",,,,Script: Mark_Laker@fws.gov,6/5/2019 7:17:07 PM,FWSpec-199:matt_bowser@fws.gov,12/9/2019 7:17:01 AM
141203,7,FF07RKNA00,Kenai National Wildlife Refuge,Deroceras laeve,"Deroceras laeve (Muller, 1774)",77305,716982,Animals,Slug/Snail,Animalia,Mollusca,Gastropoda,,,Stylommatophora,,Limacidae,Species,Deroceras,,,Present,,, Seasonal Occurrence Uncertain,Native,,,Unknown,,,,,,,,,,,Approved,Accepted,No,,http://arctos.database.museum/guid/KNWR:Ento:11132,,,,Script: Mark_Laker@fws.gov,6/5/2019 7:17:14 PM,FWSpec-199:matt_bowser@fws.gov,12/9/2019 7:17:01 AM
141206,7,FF07RKNA00,Kenai National Wildlife Refuge,Opiliones,"Opiliones Sundevall, 1833",82753,719624,Animals,Spider/Scorpion,Animalia,Arthropoda,Euchelicerata,Arachnida,,Opiliones,,,Order,,Daddy longlegs,,Present,,, Seasonal Occurrence Uncertain,Native,,,Unknown,,,,,,,,,,,Approved,Accepted,No,,,,,,Script: Mark_Laker@fws.gov,6/5/2019 7:17:15 PM,Script: Mark_Laker@fws.gov,6/5/2019 7:17:15 PM
141216,7,FF07RKNA00,Kenai National Wildlife Refuge,Hyalella azteca,"Hyalella azteca Saussure, 1858",94026,727026,Animals,Crab/Lobster/Shrimp,Animalia,Arthropoda,Malacostraca,Eumalacostraca,,Amphipoda,Gammaridea,Hyalellidae,Species,Hyalella,,,Present,,, Seasonal Occurrence Uncertain,Native,,,Unknown,,,,,,,,,,,Approved,Accepted,No,,http://bins.boldsystems.org/index.php/Public_RecordView?processid=MOBIL5370-17,,,,Script: Mark_Laker@fws.gov,6/5/2019 7:17:19 PM,FWSpec-199:matt_bowser@fws.gov,12/9/2019 7:17:02 AM
141218,7,FF07RKNA00,Kenai National Wildlife Refuge,Salmincola californiensis,"Salmincola californiensis (Dana, 1853)",89345,730218,Animals,Crab/Lobster/Shrimp,Animalia,Arthropoda,Maxillopoda,Copepoda,Neocopepoda,Siphonostomatoida,,Lernaeopodidae,Species,Salmincola,,,Present,,, Seasonal Occurrence Uncertain,Native,,,Unknown,,,,,,,,,,,Approved,Accepted,No,,http://arctos.database.museum/guid/KNWR:Ento:10786,KNWR:Ento:10786,,,Script: Mark_Laker@fws.gov,6/5/2019 7:17:20 PM,FWSpec-199:matt_bowser@fws.gov,12/9/2019 7:17:02 AM
141235,7,FF07RKNA00,Kenai National Wildlife Refuge,Weberacantha octa,"Weberacantha octa Christiansen, 1951",99473,755763,Animals,Other Non-vertebrates,Animalia,Arthropoda,Collembola,,,Collembola,Entomobryomorpha,Isotomidae,Species,Weberacantha,A springtail,,Present,,, Seasonal Occurrence Uncertain,Native,,,Unknown,,,,,,,,,,,Approved,Accepted,No,,,,,,Script: Mark_Laker@fws.gov,6/5/2019 7:17:30 PM,Script: Mark_Laker@fws.gov,6/5/2019 7:17:30 PM
141237,7,FF07RKNA00,Kenai National Wildlife Refuge,Entomobrya nivalis,"Entomobrya nivalis (Linnaeus, 1758)",99694,756293,Animals,Other Non-vertebrates,Animalia,Arthropoda,Collembola,,,Collembola,Entomobryomorpha,Entomobryidae,Species,Entomobrya,,,Present,,, Seasonal Occurrence Uncertain,Native,,,Unknown,,,,,,,,,,,Approved,Accepted,No,,http://arctos.database.museum/guid/KNWR:Ento:7625,,,,Script: Mark_Laker@fws.gov,6/5/2019 7:17:31 PM,FWSpec-199:matt_bowser@fws.gov,12/9/2019 7:17:02 AM
141309,7,FF07RKNA00,Kenai National Wildlife Refuge,Neriene radiata,"Neriene radiata (Walckenaer, 1841)",862657,802769,Animals,Spider/Scorpion,Animalia,Arthropoda,Euchelicerata,Arachnida,,Araneae,,Linyphiidae,Species,Neriene,Filmy dome spider,,Present,,, Seasonal Occurrence Uncertain,Native,,,Unknown,,,,,,,,,,,Approved,Accepted,No,,"http://arctos.database.museum/guid/KNWR:Ento:6440, http://arctos.database.museum/guid/KNWR:Ento:6441, http://arctos.database.museum/guid/KNWR:Ento:6463, http://arctos.database.museum/guid/KNWR:Ento:6467, http://arctos.database.museum/guid/KNWR:Ento:6495, http://arctos.database.museum/guid/KNWR:Ento:6509, http://arctos.database.museum/guid/KNWR:Ento:6630, http://arctos.database.museum/guid/KNWR:Ento:6632, http://arctos.database.museum/guid/KNWR:Ento:6652, http://arctos.database.museum/guid/KNWR:Ento:6656",Collected on LTEMP.,,,Script: Mark_Laker@fws.gov,6/5/2019 7:18:04 PM,FWSpec-199:matt_bowser@fws.gov,12/9/2019 7:17:21 AM
141321,7,FF07RKNA00,Kenai National Wildlife Refuge,Walckenaeria directa,"Walckenaeria directa (O. P.-Cambridge, 1874)",870344,809539,Animals,Spider/Scorpion,Animalia,Arthropoda,Euchelicerata,Arachnida,,Araneae,,Linyphiidae,Species,Walckenaeria,A dwarf sheetweb spider,,Present,,, Seasonal Occurrence Uncertain,Native,,,Unknown,,,,,,,,,,,Approved,Accepted,No,,http://arctos.database.museum/guid/KNWR:Ento:6811,,,,Script: Mark_Laker@fws.gov,6/5/2019 7:18:09 PM,FWSpec-199:matt_bowser@fws.gov,12/9/2019 7:15:10 AM
141323,7,FF07RKNA00,Kenai National Wildlife Refuge,Agelenopsis utahana,"Agelenopsis utahana (Chamberlin & Ivie, 1933)",873673,809986,Animals,Spider/Scorpion,Animalia,Arthropoda,Euchelicerata,Arachnida,,Araneae,,Agelenidae,Species,Agelenopsis,A funnel weaver,,Present,,, Seasonal Occurrence Uncertain,Native,,,Unknown,,,,,,,,,,,Approved,Accepted,No,,http://arctos.database.museum/guid/KNWR:Ento:6663,KNWR collection,,,Script: Mark_Laker@fws.gov,6/5/2019 7:18:10 PM,FWSpec-199:matt_bowser@fws.gov,12/9/2019 7:15:10 AM
141333,7,FF07RKNA00,Kenai National Wildlife Refuge,Araneus nordmanni,"Araneus nordmanni (Thorell, 1870)",851610,817786,Animals,Spider/Scorpion,Animalia,Arthropoda,Euchelicerata,Arachnida,,Araneae,,Araneidae,Species,Araneus,,,Present,,, Seasonal Occurrence Uncertain,Native,,,Unknown,,,,,,,,,,,Approved,Accepted,No,,http://arctos.database.museum/guid/KNWR:Ento:7032,,,,Script: Mark_Laker@fws.gov,6/5/2019 7:18:14 PM,FWSpec-199:matt_bowser@fws.gov,12/9/2019 7:17:36 AM
153709,7,FF07RKNA00,Kenai National Wildlife Refuge,Steatoda borealis,"Steatoda borealis (Hentz, 1850)",867497,807487,Animals,Spider/Scorpion,Animalia,Arthropoda,Euchelicerata,Arachnida,,Araneae,,Theridiidae,Species,Steatoda,A cobweb spider,,Present,,, Seasonal Occurrence Uncertain,Native,,,Unknown,,,,,,,,,,,Approved,Accepted,No,,http://arctos.database.museum/guid/KNWR:Ento:7131,Common around the headquarters building.,,,Script: Mark_Laker@fws.gov,6/5/2019 8:52:15 PM,FWSpec-199:matt_bowser@fws.gov,12/9/2019 7:15:09 AM
153719,7,FF07RKNA00,Kenai National Wildlife Refuge,Baryphyma,"Baryphyma Simon, 1884",847976,814443,Animals,Spider/Scorpion,Animalia,Arthropoda,Euchelicerata,Arachnida,,Araneae,,Linyphiidae,Genus,Baryphyma,,,Present,,, Seasonal Occurrence Uncertain,Native,,,Unknown,,,,,,,,,,,Approved,Accepted,No,,,,,,Script: Mark_Laker@fws.gov,6/5/2019 8:52:20 PM,Script: Mark_Laker@fws.gov,6/5/2019 8:52:20 PM
153721,7,FF07RKNA00,Kenai National Wildlife Refuge,Dismodicus,"Dismodicus Simon, 1884",848244,814845,Animals,Spider/Scorpion,Animalia,Arthropoda,Euchelicerata,Arachnida,,Araneae,,Linyphiidae,Genus,Dismodicus,A dwarf sheet-web spider,,Present,,, Seasonal Occurrence Uncertain,Native,,,Unknown,,,,,,,,,,,Approved,Accepted,No,,,Collected on LTEMP.,,,Script: Mark_Laker@fws.gov,6/5/2019 8:52:20 PM,Script: Mark_Laker@fws.gov,6/5/2019 8:52:21 PM
153818,7,FF07RKNA00,Kenai National Wildlife Refuge,Philodromidae,"Philodromidae Thorell, 1870",871533,885332,Animals,Spider/Scorpion,Animalia,Arthropoda,Euchelicerata,Arachnida,,Araneae,,Philodromidae,Family,,,,Present,,, Seasonal Occurrence Uncertain,Native,,,Unknown,,,,,,,,,,,Approved,Accepted,No,,,,,,Script: Mark_Laker@fws.gov,6/5/2019 8:53:08 PM,Script: Mark_Laker@fws.gov,6/5/2019 8:53:08 PM
153905,7,FF07RKNA00,Kenai National Wildlife Refuge,Dendrodrilus rubidus,"Dendrodrilus rubidus (Savigny, 1826)",976034,959625,Animals,Other Non-vertebrates,Animalia,Annelida,Clitellata,,,Opisthopora,Crassiclitellata,Lumbricidae,Species,Dendrodrilus,,980751,Present,,, Seasonal Occurrence Uncertain,Non-native,,,Unknown,,,,,,,,,,,Approved,Accepted,No,,,,,,Script: Mark_Laker@fws.gov,6/5/2019 8:53:52 PM,Script: Mark_Laker@fws.gov,6/5/2019 8:53:54 PM
156046,7,FF07RKNA00,Kenai National Wildlife Refuge,Discus whitneyi,"Discus whitneyi (Newcomb, 1864)",567505,294714,Animals,Slug/Snail,Animalia,Mollusca,Gastropoda,,,Stylommatophora,,Discidae,Species,Discus,Forest snail,717501,Present,,, Seasonal Occurrence Uncertain,Native,,,Unknown,,,,,,,,,,,Approved,Accepted,No,,"http://arctos.database.museum/guid/KNWR:Ento:6114, http://arctos.database.museum/guid/KNWR:Ento:6809","Determination by Matt Bowser, so tentative.",,,Script: Mark_Laker@fws.gov,6/5/2019 9:16:26 PM,FWSpec-199:matt_bowser@fws.gov,12/9/2019 7:16:54 AM
156167,7,FF07RKNA00,Kenai National Wildlife Refuge,Valvata sincera,"Valvata sincera Say, 1824",70349,582321,Animals,Slug/Snail,Animalia,Mollusca,Gastropoda,,,Heterostropha,,Valvatidae,Species,Valvata,,,Present,,, Seasonal Occurrence Uncertain,Native,,,Unknown,,,,,,,,,,,Approved,Accepted,No,,,,,,Script: Mark_Laker@fws.gov,6/5/2019 9:17:51 PM,Script: Mark_Laker@fws.gov,6/5/2019 9:17:51 PM
160236,7,FF07RKNA00,Kenai National Wildlife Refuge,Araneae,Araneae,82732,718893,Animals,Spider/Scorpion,Animalia,Arthropoda,Euchelicerata,Arachnida,,Araneae,,,Order,,Spiders,"718894, 718895, 718896, 718897, 719616, 719619, 719621, 719622, 719623",Present,,, Seasonal Occurrence Uncertain,Native,,,Unknown,,,,,,,,,,,Approved,Accepted,No,,,,,,Script: Mark_Laker@fws.gov,6/5/2019 10:06:16 PM,Script: Mark_Laker@fws.gov,6/5/2019 10:06:24 PM
161096,7,FF07RKNA00,Kenai National Wildlife Refuge,Misumena,"Misumena Latreille, 1804",872521,777844,Animals,Spider/Scorpion,Animalia,Arthropoda,Euchelicerata,Arachnida,,Araneae,,Thomisidae,Genus,Misumena,,,Present,,, Seasonal Occurrence Uncertain,Native,,,Unknown,,,,,,,,,,,Approved,Accepted,No,,,,,,Script: Mark_Laker@fws.gov,6/5/2019 10:16:02 PM,Script: Mark_Laker@fws.gov,6/5/2019 10:16:02 PM
161302,7,FF07RKNA00,Kenai National Wildlife Refuge,Pityohyphantes subarcticus,"Pityohyphantes subarcticus Chamberlin & Ivie, 1943",865493,805083,Animals,Spider/Scorpion,Animalia,Arthropoda,Euchelicerata,Arachnida,,Araneae,,Linyphiidae,Species,Pityohyphantes,,,Present,,, Seasonal Occurrence Uncertain,Native,,,Unknown,,,,,,,,,,,Approved,Accepted,No,,"http://arctos.database.museum/guid/KNWR:Ento:6458, http://arctos.database.museum/guid/KNWR:Ento:6511",,,,Script: Mark_Laker@fws.gov,6/5/2019 10:17:59 PM,FWSpec-199:matt_bowser@fws.gov,12/9/2019 7:18:34 AM
161308,7,FF07RKNA00,Kenai National Wildlife Refuge,Trochosa terricola,"Trochosa terricola Thorell, 1856",869700,808634,Animals,Spider/Scorpion,Animalia,Arthropoda,Euchelicerata,Arachnida,,Araneae,,Lycosidae,Species,Trochosa,A wolf spider,,Present,,, Seasonal Occurrence Uncertain,Native,,,Unknown,,,,,,,,,,,Approved,Accepted,No,,http://arctos.database.museum/guid/KNWR:Ento:7001,,,,Script: Mark_Laker@fws.gov,6/5/2019 10:18:03 PM,FWSpec-199:matt_bowser@fws.gov,12/9/2019 7:15:10 AM
161311,7,FF07RKNA00,Kenai National Wildlife Refuge,Tetragnatha extensa,"Tetragnatha extensa (Linnaeus, 1758)",868321,811366,Animals,Spider/Scorpion,Animalia,Arthropoda,Euchelicerata,Arachnida,,Araneae,,Tetragnathidae,Species,Tetragnatha,A long-jawed orb weaver,,Present,,, Seasonal Occurrence Uncertain,Native,,,Unknown,,,,,,,,,,,Approved,Accepted,No,,"http://arctos.database.museum/guid/KNWR:Ento:3329, http://arctos.database.museum/guid/KNWR:Ento:6487, http://arctos.database.museum/guid/KNWR:Ento:6579",Collected on LTEMP.,,,Script: Mark_Laker@fws.gov,6/5/2019 10:18:04 PM,FWSpec-199:matt_bowser@fws.gov,12/9/2019 7:16:23 AM
161313,7,FF07RKNA00,Kenai National Wildlife Refuge,Tetragnatha laboriosa,"Tetragnatha laboriosa Hentz, 1850",868385,811430,Animals,Spider/Scorpion,Animalia,Arthropoda,Euchelicerata,Arachnida,,Araneae,,Tetragnathidae,Species,Tetragnatha,,,Present,,, Seasonal Occurrence Uncertain,Native,,,Unknown,,,,,,,,,,,Approved,Accepted,No,,"http://arctos.database.museum/guid/KNWR:Ento:3382, http://arctos.database.museum/guid/KNWR:Ento:6456, http://arctos.database.museum/guid/UAM:Ento:95516",,,,Script: Mark_Laker@fws.gov,6/5/2019 10:18:05 PM,FWSpec-199:matt_bowser@fws.gov,12/9/2019 7:17:28 AM
161317,7,FF07RKNA00,Kenai National Wildlife Refuge,Pardosa diuturna,"Pardosa diuturna Fox, 1937",864317,812768,Animals,Spider/Scorpion,Animalia,Arthropoda,Euchelicerata,Arachnida,,Araneae,,Lycosidae,Species,Pardosa,A wolf spider,,Present,,, Seasonal Occurrence Uncertain,Native,,,Unknown,,,,,,,,,,,Approved,Accepted,No,,,Collected on a nunatak in the Harding Icefield by Matthew Bowser on 13-VIII-2007. Tentative determinatin by Matthew Bowser on 26-III-2008. Specimens deposited in the KENWR colleciton.,,,Script: Mark_Laker@fws.gov,6/5/2019 10:18:07 PM,Script: Mark_Laker@fws.gov,6/5/2019 10:18:08 PM
161318,7,FF07RKNA00,Kenai National Wildlife Refuge,Pardosa groenlandica,"Pardosa groenlandica (Thorell, 1872)",864368,812819,Animals,Spider/Scorpion,Animalia,Arthropoda,Euchelicerata,Arachnida,,Araneae,,Lycosidae,Species,Pardosa,A wolf spider,,Present,,, Seasonal Occurrence Uncertain,Native,,,Unknown,,,,,,,,,,,Approved,Accepted,No,,http://arctos.database.museum/guid/KNWR:Ento:10479,{http://dx.doi.org/10.7299/X7HQ402K},,,Script: Mark_Laker@fws.gov,6/5/2019 10:18:08 PM,FWSpec-199:matt_bowser@fws.gov,12/9/2019 7:17:28 AM
161322,7,FF07RKNA00,Kenai National Wildlife Refuge,Erigone,"Erigone Audouin, 1826",848314,815317,Animals,Spider/Scorpion,Animalia,Arthropoda,Euchelicerata,Arachnida,,Araneae,,Linyphiidae,Genus,Erigone,A dwarf sheetweb spider,,Present,,, Seasonal Occurrence Uncertain,Native,,,Unknown,,,,,,,,,,,Approved,Accepted,No,,,Specimen in KNWR collection from Watson Lake campground.,,,Script: Mark_Laker@fws.gov,6/5/2019 10:18:10 PM,Script: Mark_Laker@fws.gov,6/5/2019 10:18:10 PM
161325,7,FF07RKNA00,Kenai National Wildlife Refuge,Araneus marmoreus,"Araneus marmoreus Clerck, 1757",851555,817731,Animals,Spider/Scorpion,Animalia,Arthropoda,Euchelicerata,Arachnida,,Araneae,,Araneidae,Species,Araneus,Marbled orbweaver,,Present,,, Seasonal Occurrence Uncertain,Native,,,Unknown,,,,,,,,,,,Approved,Accepted,No,,http://arctos.database.museum/guid/KNWR:Ento:6524,"Collected at shop building on Ski Hill Road, August 10, 2004.",,,Script: Mark_Laker@fws.gov,6/5/2019 10:18:11 PM,FWSpec-199:matt_bowser@fws.gov,12/9/2019 7:17:36 AM
161328,7,FF07RKNA00,Kenai National Wildlife Refuge,Ceraticelus atriceps,"Ceraticelus atriceps (O. P.-Cambridge, 1874)",853488,818608,Animals,Spider/Scorpion,Animalia,Arthropoda,Euchelicerata,Arachnida,,Araneae,,Linyphiidae,Species,Ceraticelus,A dwarf sheet-web spider,,Present,,, Seasonal Occurrence Uncertain,Native,,,Unknown,,,,,,,,,,,Approved,Accepted,No,,"http://arctos.database.museum/guid/KNWR:Ento:2319, http://arctos.database.museum/guid/KNWR:Ento:2510, http://arctos.database.museum/guid/KNWR:Ento:4163, http://arctos.database.museum/guid/KNWR:Ento:6425, http://arctos.database.museum/guid/KNWR:Ento:6451, http://arctos.database.museum/guid/KNWR:Ento:6469, http://arctos.database.museum/guid/KNWR:Ento:6481, http://arctos.database.museum/guid/KNWR:Ento:6503, http://arctos.database.museum/guid/KNWR:Ento:6519, http://arctos.database.museum/guid/KNWR:Ento:6526, http://arctos.database.museum/guid/KNWR:Ento:6552, http://arctos.database.museum/guid/KNWR:Ento:6558, http://arctos.database.museum/guid/KNWR:Ento:6569, http://arctos.database.museum/guid/KNWR:Ento:6572, http://arctos.database.museum/guid/KNWR:Ento:6586, http://arctos.database.museum/guid/KNWR:Ento:6605, http://arctos.database.museum/guid/KNWR:Ento:6616, http://arctos.database.museum/guid/KNWR:Ento:6640, http://arctos.database.museum/guid/KNWR:Ento:6645, http://arctos.database.museum/guid/KNWR:Ento:6658",Collected on LTEMP. Determination by Joey Slowik.,,,Script: Mark_Laker@fws.gov,6/5/2019 10:18:13 PM,FWSpec-199:matt_bowser@fws.gov,12/9/2019 7:18:35 AM
161330,7,FF07RKNA00,Kenai National Wildlife Refuge,Ceraticelus silus,"Ceraticelus silus Dondale, 1958",853513,818633,Animals,Spider/Scorpion,Animalia,Arthropoda,Euchelicerata,Arachnida,,Araneae,,Linyphiidae,Species,Ceraticelus,,,Present,,, Seasonal Occurrence Uncertain,Native,,,Unknown,,,,,,,,,,,Approved,Accepted,No,,"http://arctos.database.museum/guid/KNWR:Ento:4182, http://arctos.database.museum/guid/KNWR:Ento:4535, http://arctos.database.museum/guid/KNWR:Ento:5645, http://arctos.database.museum/guid/KNWR:Ento:6452, http://arctos.database.museum/guid/KNWR:Ento:6465, http://arctos.database.museum/guid/KNWR:Ento:6489, http://arctos.database.museum/guid/KNWR:Ento:6570, http://arctos.database.museum/guid/KNWR:Ento:6577, http://arctos.database.museum/guid/KNWR:Ento:6589, http://arctos.database.museum/guid/KNWR:Ento:6597, http://arctos.database.museum/guid/KNWR:Ento:6621, http://arctos.database.museum/guid/KNWR:Ento:6634, http://arctos.database.museum/guid/KNWR:Ento:6655, http://arctos.database.museum/guid/KNWR:Ento:6659",,,,Script: Mark_Laker@fws.gov,6/5/2019 10:18:14 PM,FWSpec-199:matt_bowser@fws.gov,12/9/2019 7:18:36 AM
161294,7,FF07RKNA00,Kenai National Wildlife Refuge,Dictyna alaskae,"Dictyna alaskae Chamberlin & Ivie, 1947",878248,798790,Animals,Spider/Scorpion,Animalia,Arthropoda,Euchelicerata,Arachnida,,Araneae,,Dictynidae,Species,Dictyna,A meshweaver spider,,Present,,, Seasonal Occurrence Uncertain,Native,,,Unknown,,,,,,,,,,,Approved,Accepted,No,,"http://arctos.database.museum/guid/KNWR:Ento:5091, http://arctos.database.museum/guid/KNWR:Ento:6448, http://arctos.database.museum/guid/KNWR:Ento:6471, http://arctos.database.museum/guid/KNWR:Ento:6483, http://arctos.database.museum/guid/KNWR:Ento:6521, http://arctos.database.museum/guid/KNWR:Ento:6536, http://arctos.database.museum/guid/KNWR:Ento:6540, http://arctos.database.museum/guid/KNWR:Ento:6546, http://arctos.database.museum/guid/KNWR:Ento:6549, http://arctos.database.museum/guid/KNWR:Ento:6560, http://arctos.database.museum/guid/KNWR:Ento:6573, http://arctos.database.museum/guid/KNWR:Ento:6590, http://arctos.database.museum/guid/KNWR:Ento:6596, http://arctos.database.museum/guid/KNWR:Ento:6612, http://arctos.database.museum/guid/KNWR:Ento:6837, http://arctos.database.museum/guid/UAM:Ento:171025, http://arctos.database.museum/guid/UAM:Ento:171029, http://arctos.database.museum/guid/UAM:Ento:296256, http://arctos.database.museum/guid/UAM:Ento:296257, http://arctos.database.museum/guid/UAM:Ento:296258, http://arctos.database.museum/guid/UAM:Ento:296260, http://arctos.database.museum/guid/UAM:Ento:296261, http://arctos.database.museum/guid/UAM:Ento:296262, http://arctos.database.museum/guid/UAM:Ento:296265, http://arctos.database.museum/guid/UAM:Ento:296266, http://arctos.database.museum/guid/UAM:Ento:296267, http://arctos.database.museum/guid/UAM:Ento:301763, http://arctos.database.museum/guid/UAM:Ento:309403",Collected on LTEMP. Determination by Joey Slowik.,,,Script: Mark_Laker@fws.gov,6/5/2019 10:17:55 PM,FWSpec-199:matt_bowser@fws.gov,12/9/2019 7:17:21 AM
161295,7,FF07RKNA00,Kenai National Wildlife Refuge,Bassaniana utahensis,"Bassaniana utahensis (Gertsch, 1932)",874864,799630,Animals,Spider/Scorpion,Animalia,Arthropoda,Euchelicerata,Arachnida,,Araneae,,Thomisidae,Species,Bassaniana,,,Present,,, Seasonal Occurrence Uncertain,Native,,,Unknown,,,,,,,,,,,Approved,Accepted,No,,http://arctos.database.museum/guid/KNWR:Ento:1723,,,,Script: Mark_Laker@fws.gov,6/5/2019 10:17:55 PM,FWSpec-199:matt_bowser@fws.gov,12/9/2019 7:17:21 AM
161299,7,FF07RKNA00,Kenai National Wildlife Refuge,Mughiphantes marusiki,"Mughiphantes marusiki (Tanasevitch, 1988)",862127,801837,Animals,Spider/Scorpion,Animalia,Arthropoda,Euchelicerata,Arachnida,,Araneae,,Linyphiidae,Species,Mughiphantes,,,Present,,, Seasonal Occurrence Uncertain,Native,,,Unknown,,,,,,,,,,,Approved,Accepted,No,,"http://arctos.database.museum/guid/KNWR:Ento:6455, http://arctos.database.museum/guid/KNWR:Ento:6531",,,,Script: Mark_Laker@fws.gov,6/5/2019 10:17:58 PM,FWSpec-199:matt_bowser@fws.gov,12/9/2019 7:17:21 AM
161342,7,FF07RKNA00,Kenai National Wildlife Refuge,Dismodicus modicus,"Dismodicus modicus Chamberlin & Ivie, 1947",855166,825534,Animals,Spider/Scorpion,Animalia,Arthropoda,Euchelicerata,Arachnida,,Araneae,,Linyphiidae,Species,Dismodicus,A dwarf sheetweb spider,,Present,,, Seasonal Occurrence Uncertain,Native,,,Unknown,,,,,,,,,,,Approved,Accepted,No,,"http://arctos.database.museum/guid/KNWR:Ento:6433, http://arctos.database.museum/guid/KNWR:Ento:6537, http://arctos.database.museum/guid/KNWR:Ento:6559, http://arctos.database.museum/guid/KNWR:Ento:6594, http://arctos.database.museum/guid/KNWR:Ento:6604, http://arctos.database.museum/guid/KNWR:Ento:6620, http://arctos.database.museum/guid/KNWR:Ento:6765, http://arctos.database.museum/guid/UAM:Ento:301761, http://arctos.database.museum/guid/UAM:Ento:301765, http://arctos.database.museum/guid/UAM:Ento:301766",,,,Script: Mark_Laker@fws.gov,6/5/2019 10:18:21 PM,FWSpec-199:matt_bowser@fws.gov,12/9/2019 7:18:42 AM
161343,7,FF07RKNA00,Kenai National Wildlife Refuge,Baryphyma trifrons,"Baryphyma trifrons (O. P.-Cambridge, 1863)",852752,826288,Animals,Spider/Scorpion,Animalia,Arthropoda,Euchelicerata,Arachnida,,Araneae,,Linyphiidae,Species,Baryphyma,A dwarf sheetweb weaver,,Present,,, Seasonal Occurrence Uncertain,Native,,,Unknown,,,,,,,,,,,Approved,Accepted,No,,"http://arctos.database.museum/guid/KNWR:Ento:2032, http://arctos.database.museum/guid/KNWR:Ento:4559, http://arctos.database.museum/guid/KNWR:Ento:6505, http://arctos.database.museum/guid/KNWR:Ento:6514, http://arctos.database.museum/guid/UAM:Ento:301758, http://arctos.database.museum/guid/UAM:Ento:301764",Collected on LTEMP.,,,Script: Mark_Laker@fws.gov,6/5/2019 10:18:21 PM,FWSpec-199:matt_bowser@fws.gov,12/9/2019 7:18:42 AM
164592,7,FF07RKNA00,Kenai National Wildlife Refuge,Columella columella,"Columella columella (von Martens, 1830)",567379,292655,Animals,Slug/Snail,Animalia,Mollusca,Gastropoda,,,Stylommatophora,,Pupillidae,Species,Columella,Mellow column,,Present,,, Seasonal Occurrence Uncertain,Native,,,Unknown,,,,,,,,,,,Approved,Accepted,No,,http://arctos.database.museum/guid/KNWR:Ento:5515,,,,Script: Mark_Laker@fws.gov,6/5/2019 10:55:00 PM,FWSpec-199:matt_bowser@fws.gov,12/9/2019 7:16:54 AM
164593,7,FF07RKNA00,Kenai National Wildlife Refuge,Macoma balthica,"Macoma balthica (Linnaeus, 1758)",567846,293627,Animals,Other Non-vertebrates,Animalia,Mollusca,Bivalvia,Heterodonta,,Veneroida,,Tellinidae,Species,Macoma,Baltic Macoma,,Present,,, Seasonal Occurrence Uncertain,Native,,,Unknown,,,,,,,,,,,Approved,Accepted,No,,,Sadie Ulman had collected Baltic macomas in the mud flats at Chickaloon flats during her thesis work.,,,Script: Mark_Laker@fws.gov,6/5/2019 10:55:00 PM,Script: Mark_Laker@fws.gov,6/5/2019 10:55:00 PM
164845,7,FF07RKNA00,Kenai National Wildlife Refuge,Traskorchestia georgiana,"Traskorchestia georgiana (Bousfield, 1958)",657393,482317,Animals,Crab/Lobster/Shrimp,Animalia,Arthropoda,Malacostraca,Eumalacostraca,,Amphipoda,Gammaridea,Talitridae,Species,Traskorchestia,,,Present,,, Seasonal Occurrence Uncertain,Native,,,Unknown,,,,,,,,,,,Approved,Accepted,No,,http://arctos.database.museum/guid/KNWR:Inv:24,"\itaxon{Traskorchestia!georgiana} occurs on the Pacific coast from California to British Columbia \citep{Bousfield1958}.|A specimen from Gull Rock was tentatively identified by Matt Bowser as \itaxon{Traskorchestia!georgiana} using the key of \citet{Champman2007}, but the nearest records of this species are from Southeast Alaska.  The Kenai specimen may be\itaxon{Traskorchestia!traskiana}, which is known from our area.|Species of \itaxon{Traskorchestia} live on beaches, often under debris \citep{Champman2007}.",,,Script: Mark_Laker@fws.gov,6/5/2019 10:56:49 PM,FWSpec-199:matt_bowser@fws.gov,12/9/2019 7:18:02 AM
165657,7,FF07RKNA00,Kenai National Wildlife Refuge,Robertus crosbyi,"Robertus crosbyi (Kaston, 1946)",866190,805914,Animals,Spider/Scorpion,Animalia,Arthropoda,Euchelicerata,Arachnida,,Araneae,,Theridiidae,Species,Robertus,A cobweb spider,,Present,,, Seasonal Occurrence Uncertain,Native,,,Unknown,,,,,,,,,,,Approved,Accepted,No,,http://arctos.database.museum/guid/KNWR:Ento:6583,,,,Script: Mark_Laker@fws.gov,6/5/2019 11:04:15 PM,FWSpec-199:matt_bowser@fws.gov,12/9/2019 7:18:34 AM
165658,7,FF07RKNA00,Kenai National Wildlife Refuge,Rugathodes aurantius,"Rugathodes aurantius (Emerton, 1915)",866230,806087,Animals,Spider/Scorpion,Animalia,Arthropoda,Euchelicerata,Arachnida,,Araneae,,Theridiidae,Species,Rugathodes,A cobweb spider,,Present,,, Seasonal Occurrence Uncertain,Native,,,Unknown,,,,,,,,,,,Approved,Accepted,No,,"http://arctos.database.museum/guid/KNWR:Ento:3491, http://arctos.database.museum/guid/KNWR:Ento:6423, http://arctos.database.museum/guid/KNWR:Ento:6424, http://arctos.database.museum/guid/KNWR:Ento:6435, http://arctos.database.museum/guid/KNWR:Ento:6480, http://arctos.database.museum/guid/KNWR:Ento:6490, http://arctos.database.museum/guid/KNWR:Ento:6516, http://arctos.database.museum/guid/KNWR:Ento:6551, http://arctos.database.museum/guid/KNWR:Ento:6557, http://arctos.database.museum/guid/KNWR:Ento:6599, http://arctos.database.museum/guid/KNWR:Ento:6603, http://arctos.database.museum/guid/KNWR:Ento:6606, http://arctos.database.museum/guid/KNWR:Ento:6614, http://arctos.database.museum/guid/KNWR:Ento:6617, http://arctos.database.museum/guid/KNWR:Ento:6623, http://arctos.database.museum/guid/KNWR:Ento:6626, http://arctos.database.museum/guid/KNWR:Ento:6642, http://arctos.database.museum/guid/KNWR:Ento:6660",Collected on LTEMP.,,,Script: Mark_Laker@fws.gov,6/5/2019 11:04:16 PM,FWSpec-199:matt_bowser@fws.gov,12/9/2019 7:18:34 AM
165661,7,FF07RKNA00,Kenai National Wildlife Refuge,Tiso aestivus,"Tiso aestivus (L. Koch, 1872)",869414,808348,Animals,Spider/Scorpion,Animalia,Arthropoda,Euchelicerata,Arachnida,,Araneae,,Linyphiidae,Species,Tiso,,,Present,,, Seasonal Occurrence Uncertain,Native,,,Unknown,,,,,,,,,,,Approved,Accepted,No,,,,,,Script: Mark_Laker@fws.gov,6/5/2019 11:04:17 PM,Script: Mark_Laker@fws.gov,6/5/2019 11:04:18 PM
165669,7,FF07RKNA00,Kenai National Wildlife Refuge,Theridion pictum,"Theridion pictum (Walckenaer, 1802)",869030,812201,Animals,Spider/Scorpion,Animalia,Arthropoda,Euchelicerata,Arachnida,,Araneae,,Theridiidae,Species,Theridion,A cobweb spider,,Present,,, Seasonal Occurrence Uncertain,Native,,,Unknown,,,,,,,,,,,Approved,Accepted,No,,"http://arctos.database.museum/guid/KNWR:Ento:6466, http://arctos.database.museum/guid/KNWR:Ento:6485, http://arctos.database.museum/guid/KNWR:Ento:6528, http://arctos.database.museum/guid/KNWR:Ento:6566, http://arctos.database.museum/guid/KNWR:Ento:6581, http://arctos.database.museum/guid/KNWR:Ento:6628",Collected on LTEMP.,,,Script: Mark_Laker@fws.gov,6/5/2019 11:04:21 PM,FWSpec-199:matt_bowser@fws.gov,12/9/2019 7:17:28 AM
165670,7,FF07RKNA00,Kenai National Wildlife Refuge,Pardosa albomaculata,"Pardosa albomaculata Emerton, 1885",864208,812659,Animals,Spider/Scorpion,Animalia,Arthropoda,Euchelicerata,Arachnida,,Araneae,,Lycosidae,Species,Pardosa,A wolf spider,,Present,,, Seasonal Occurrence Uncertain,Native,,,Unknown,,,,,,,,,,,Approved,Accepted,No,,"http://arctos.database.museum/guid/KNWR:Ento:6742, http://arctos.database.museum/guid/UAM:Ento:94514","Collected by Matthew Bowser, John Morton, and Ed Berg on a ridge above Grewink Glaicer on 13-VII-2007. Tentative determination by Matthew Bowser on 26-III-2008. Specimens deposited in KENWR collection.",,,Script: Mark_Laker@fws.gov,6/5/2019 11:04:22 PM,FWSpec-199:matt_bowser@fws.gov,12/9/2019 7:17:28 AM
165675,7,FF07RKNA00,Kenai National Wildlife Refuge,Pardosa xerampelina,"Pardosa xerampelina (Keyserling, 1877)",864709,813549,Animals,Spider/Scorpion,Animalia,Arthropoda,Euchelicerata,Arachnida,,Araneae,,Lycosidae,Species,Pardosa,,,Present,,, Seasonal Occurrence Uncertain,Native,,,Unknown,,,,,,,,,,,Approved,Accepted,No,,http://bins.boldsystems.org/index.php/Public_RecordView?processid=MOBIL1226-16,,,,Script: Mark_Laker@fws.gov,6/5/2019 11:04:24 PM,FWSpec-199:matt_bowser@fws.gov,12/9/2019 7:17:28 AM
176065,7,FF07RKNA00,Kenai National Wildlife Refuge,Thomisidae,"Thomisidae Sundevall, 1833",871543,885318,Animals,Spider/Scorpion,Animalia,Arthropoda,Euchelicerata,Arachnida,,Araneae,,Thomisidae,Family,,,,Present,,, Seasonal Occurrence Uncertain,Native,,,Unknown,,,,,,,,,,,Approved,Accepted,No,,,,,,Script: Mark_Laker@fws.gov,6/6/2019 12:43:53 AM,Script: Mark_Laker@fws.gov,6/6/2019 12:43:53 AM
176066,7,FF07RKNA00,Kenai National Wildlife Refuge,Lycosidae,"Lycosidae Sundevall, 1833",847731,885393,Animals,Spider/Scorpion,Animalia,Arthropoda,Euchelicerata,Arachnida,,Araneae,,Lycosidae,Family,,,,Present,,, Seasonal Occurrence Uncertain,Native,,,Unknown,,,,,,,,,,,Approved,Accepted,No,,,,,,Script: Mark_Laker@fws.gov,6/6/2019 12:43:53 AM,Script: Mark_Laker@fws.gov,6/6/2019 12:43:53 AM
191774,7,FF07RKNA00,Kenai National Wildlife Refuge,Mitopus morio,"Mitopus morio (Fabricus, 1779)",1014093,1030892,Animals,Spider/Scorpion,Animalia,Arthropoda,Euchelicerata,Arachnida,,Opiliones,Eupnoi,Phalangiidae,Species,Mitopus,,,Present,,,,Native,,,,,,,,,,,,,,Approved,Accepted,No,,https://arctos.database.museum/guid/UAM:Ento:94515,,,,matt_bowser@fws.gov,11/6/2019 5:29:33 PM,matt_bowser@fws.gov,11/6/2019 5:29:33 PM
191785,7,FF07RKNA00,Kenai National Wildlife Refuge,Epischura nevadensis,"Epischura nevadensis Lilljeborg in Guerne and Richard, 1889",85857,724525,Animals,Crab/Lobster/Shrimp,Animalia,Arthropoda,Maxillopoda,Copepoda,Neocopepoda,Calanoida,,Temoridae,Species,Epischura,,,Present,,,,Native,,,Unknown,,,,,,,,,,,Draft,Undecided,No,,https://www.ciaanet.org/Projects/2017%20HIDDEN%20LAKE%20RPT.pdf,,,,matt_bowser@fws.gov,11/12/2019 5:54:12 PM,matt_bowser@fws.gov,11/12/2019 5:54:12 PM
191772,7,FF07RKNA00,Kenai National Wildlife Refuge,Phalangium opilio,"Phalangium opilio Linnaeus, 1758",1014112,1030911,Animals,Spider/Scorpion,Animalia,Arthropoda,Euchelicerata,Arachnida,,Opiliones,Eupnoi,Phalangiidae,Species,Phalangium,,,Present,,,,Non-native,,,Common,,,,,,,,,,,Approved,Accepted,No,,https://arctos.database.museum/guid/KNWR:Ento:10788,,,,matt_bowser@fws.gov,11/6/2019 5:21:56 PM,matt_bowser@fws.gov,11/6/2019 5:21:58 PM
191777,7,FF07RKNA00,Kenai National Wildlife Refuge,Microbisium brunneum,"Microbisium brunneum (Hagen, 1868)",198991,112104,Animals,Spider/Scorpion,Animalia,Arthropoda,Euchelicerata,Arachnida,,Pseudoscorpiones,Iocheirata,Neobisiidae,Species,Microbisium,,,Present,,,,Native,,,Unknown,,,,,,,,,,,Approved,Accepted,No,,http://arctos.database.museum/guid/KNWR:Ento:10324,,,,matt_bowser@fws.gov,11/6/2019 5:47:31 PM,matt_bowser@fws.gov,11/6/2019 5:47:31 PM
191778,7,FF07RKNA00,Kenai National Wildlife Refuge,Demodex folliculorum,,,1127770,Animals,Spider/Scorpion,Animalia,Arthropoda,Euchelicerata,Arachnida,,Trombidiformes,,Demodecidae,Species,Demodex,,,Present,,,,Native,,,Unknown,,,,,,,,,,,Approved,Accepted,No,,http://arctos.database.museum/guid/KNWR:Ento:11243,,,,matt_bowser@fws.gov,11/6/2019 5:54:51 PM,matt_bowser@fws.gov,11/6/2019 5:54:51 PM
200145,7,FF07RKNA00,Kenai National Wildlife Refuge,Hymenaphorura nearctica,"Hymenaphorura nearctica Pomorski, 2001",,1210515,Animals,Other Non-vertebrates,Animalia,Arthropoda,Collembola,,,Collembola,Poduromorpha,Onychiuridae,Species,Hymenaphorura,,,Present,,,,Native,,,Unknown,,,,,,,,,,,Approved,Accepted,No,,http://arctos.database.museum/guid/KNWR:Ento:7411,,,,matt_bowser@fws.gov,12/5/2019 7:56:31 AM,matt_bowser@fws.gov,12/5/2019 7:57:51 AM

