Ô..SpeciesID,RegionNumber,UnitCode,locality,SciName,scientificName,ExternalSourceCode,taxonID,TaxonCategoryGroup,TaxonCategoryName,kingdom,phylum,class,TaxonSubClass,TaxonInfraclass,order,TaxonSubOrder,family,taxonRank,genus,RefugeCommonNames,Synonyms,occurrenceStatus,OccurrenceTags,OccurrenceNote,Seasonality,Origin,OriginTags,OriginNote,Abundance,AbundanceNote,SpringAbundance,SpringAbundanceNote,SummerAbundance,SummerAbundanceNote,FallAbundance,FallAbundanceNote,WinterAbundance,WinterAbundanceNote,Management,RecordStatus,RefugeAcceptedStatus,Sensitive,SensitivityNote,source,SpeciesNote,RefugeTags,SSOC_StatusLookup,CreatedBy,CreatedDate,LastModifiedBy,LastModifiedDate,ID
211889,7,FF07RKNA00,Kenai National Wildlife Refuge,Pinalitus rostratus,"Pinalitus rostratus Kelton, 1977",105287,757818,Animals,Insect,Animalia,Arthropoda,Insecta,Pterygota,Neoptera,Hemiptera,Heteroptera,Miridae,species,Pinalitus,,,present,,,,,,,,,,,,,,,,,,Approved,Accepted,No,,http://arctos.database.museum/guid/UAMObs:Ento:238678,,,,jake_danner@fws.gov,5/27/2020 11:28,jake_danner@fws.gov,5/27/2020 11:28,757818
211890,7,FF07RKNA00,Kenai National Wildlife Refuge,Pipunculus luteicornis,"Pipunculus luteicornis Cresson, 1911",141710,42344,Animals,Insect,Animalia,Arthropoda,Insecta,Pterygota,Neoptera,Diptera,Brachycera,Pipunculidae,species,Pipunculus,,,present,,,,,,,,,,,,,,,,,,Approved,Accepted,No,,http://arctos.database.museum/guid/UAMObs:Ento:239786,,,,jake_danner@fws.gov,5/27/2020 11:35,jake_danner@fws.gov,5/27/2020 11:35,42344
211891,7,FF07RKNA00,Kenai National Wildlife Refuge,Pityohyphantes alticeps,"Pityohyphantes alticeps Chamberlin & Ivie, 1943",865479,805069,Animals,Spider/Scorpion,Animalia,Arthropoda,Euchelicerata,Arachnida,,Araneae,,Linyphiidae,species,Pityohyphantes,,,present,,,,,,,,,,,,,,,,,,Approved,Accepted,No,,http://arctos.database.museum/guid/UAMObs:Ento:238634,,,,jake_danner@fws.gov,5/27/2020 11:36,jake_danner@fws.gov,5/27/2020 11:36,805069
211892,7,FF07RKNA00,Kenai National Wildlife Refuge,Pityohyphantes cristatus,"Pityohyphantes cristatus Chamberlin & Ivie, 1942",865482,805072,Animals,Spider/Scorpion,Animalia,Arthropoda,Euchelicerata,Arachnida,,Araneae,,Linyphiidae,species,Pityohyphantes,,,present,,,,,,,,,,,,,,,,,,Approved,Accepted,No,,http://arctos.database.museum/guid/UAMObs:Ento:240363,,,,jake_danner@fws.gov,5/27/2020 11:37,jake_danner@fws.gov,5/27/2020 11:37,805072
211893,7,FF07RKNA00,Kenai National Wildlife Refuge,Pityohyphantes limitaneus,"Pityohyphantes limitaneus (Emerton, 1915)",865485,805075,Animals,Spider/Scorpion,Animalia,Arthropoda,Euchelicerata,Arachnida,,Araneae,,Linyphiidae,species,Pityohyphantes,,,present,,,,,,,,,,,,,,,,,,Approved,Accepted,No,,http://arctos.database.museum/guid/UAMObs:Ento:239216,,,,jake_danner@fws.gov,5/27/2020 11:38,jake_danner@fws.gov,5/27/2020 11:38,805075
211895,7,FF07RKNA00,Kenai National Wildlife Refuge,Platycheirus quadratus,"Platycheirus quadratus (Say, 1823)",139819,49892,Animals,Insect,Animalia,Arthropoda,Insecta,Pterygota,Neoptera,Diptera,Brachycera,Syrphidae,species,Platycheirus,,,present,,,,,,,,,,,,,,,,,,Approved,Accepted,No,,http://arctos.database.museum/guid/UAMObs:Ento:238992,,,,jake_danner@fws.gov,5/27/2020 11:42,jake_danner@fws.gov,5/27/2020 11:42,49892
211559,7,FF07RKNA00,Kenai National Wildlife Refuge,Plebejus optilete,"Plebejus optilete (Knoch, 1781)",777931,766157,Animals,Insect,Animalia,Arthropoda,Insecta,Pterygota,Neoptera,Lepidoptera,,Lycaenidae,species,Plebejus,,,present,,,,,,,,,,,,,,,,,,Draft,Undecided,No,,http://arctos.database.museum/guid/UAM:Ento:364445,,,,jake_danner@fws.gov,5/8/2020 14:36,jake_danner@fws.gov,5/8/2020 14:36,766157
211897,7,FF07RKNA00,Kenai National Wildlife Refuge,Plectiscidea venusta,Plectiscidea venusta,-723959,623836,Animals,Insect,Animalia,Arthropoda,Insecta,Pterygota,Neoptera,Hymenoptera,Apocrita,Ichneumonidae,species,,,,present,,,,,,,,,,,,,,,,,,Approved,Accepted,No,,http://arctos.database.museum/guid/UAMObs:Ento:240828,,,,jake_danner@fws.gov,6/1/2020 10:33,jake_danner@fws.gov,6/1/2020 10:33,623836
211532,7,FF07RKNA00,Kenai National Wildlife Refuge,Polyaulon canadensis,Polyaulon canadensis,-723934,623784,Animals,Insect,Animalia,Arthropoda,Insecta,Pterygota,Neoptera,Hymenoptera,Apocrita,Ichneumonidae,species,,,,present,,,,,,,,,,,,,,,,,,Approved,Accepted,No,,http://arctos.database.museum/guid/KNWR:Ento:7330,,,,jake_danner@fws.gov,5/8/2020 12:46,jake_danner@fws.gov,5/8/2020 12:46,623784
211898,7,FF07RKNA00,Kenai National Wildlife Refuge,Polypedilum cultellatum,"Polypedilum cultellatum Goetghebuer, 1931",568536,294841,Animals,Insect,Animalia,Arthropoda,Insecta,Pterygota,Neoptera,Diptera,Nematocera,Chironomidae,species,Polypedilum,,,present,,,,,,,,,,,,,,,,,,Approved,Accepted,No,,http://arctos.database.museum/guid/UAMObs:Ento:240409,,,,jake_danner@fws.gov,6/1/2020 10:36,jake_danner@fws.gov,6/1/2020 10:36,294841
211899,7,FF07RKNA00,Kenai National Wildlife Refuge,Polypedilum tritum,"Polypedilum tritum (Walker, 1856)",129719,26128,Animals,Insect,Animalia,Arthropoda,Insecta,Pterygota,Neoptera,Diptera,Nematocera,Chironomidae,species,Polypedilum,,,present,,,,,,,,,,,,,,,,,,Approved,Accepted,No,,http://arctos.database.museum/guid/UAMObs:Ento:240410,,,,jake_danner@fws.gov,6/1/2020 10:37,jake_danner@fws.gov,6/1/2020 10:37,26128
211900,7,FF07RKNA00,Kenai National Wildlife Refuge,Populus hastata,Populus hastata Dode,195734,105821,Plants,Vascular Plant,Plantae,Tracheophyta,Magnoliopsida,,,Malpighiales,,Salicaceae,species,Populus,,,present,,,,,,,,,,,,,,,,,,Approved,Accepted,No,,http://arctos.database.museum/guid/KNWRObs:Herb:759,,,,jake_danner@fws.gov,6/1/2020 10:38,jake_danner@fws.gov,6/1/2020 10:38,105821
211667,7,FF07RKNA00,Kenai National Wildlife Refuge,Potentilla anserina,Potentilla anserina L.,24687,126314,Plants,Vascular Plant,Plantae,Tracheophyta,Magnoliopsida,,,Rosales,,Rosaceae,species,Potentilla,,,present,,,,,,,,,,,,,,,,,,Approved,Accepted,No,,http://arctos.database.museum/guid/UAM:Herb:28489,,,,jake_danner@fws.gov,5/12/2020 11:36,jake_danner@fws.gov,5/12/2020 11:36,126314
211542,7,FF07RKNA00,Kenai National Wildlife Refuge,Pristiphora cincta,Pristiphora cincta,-720784,618290,Animals,Insect,Animalia,Arthropoda,Insecta,Pterygota,Neoptera,Hymenoptera,Symphyta,Tenthredinidae,species,Pristiphora,,,present,,,,,,,,,,,,,,,,,,Approved,Accepted,No,,http://arctos.database.museum/guid/KNWR:Ento:3510,,,,jake_danner@fws.gov,5/8/2020 13:22,jake_danner@fws.gov,5/8/2020 13:22,618290
211543,7,FF07RKNA00,Kenai National Wildlife Refuge,Pristiphora lativentris,Pristiphora lativentris,-720774,618269,Animals,Insect,Animalia,Arthropoda,Insecta,Pterygota,Neoptera,Hymenoptera,Symphyta,Tenthredinidae,species,Pristiphora,,,present,,,,,,,,,,,,,,,,,,Draft,Undecided,No,,http://arctos.database.museum/guid/KNWR:Ento:8362,,,,jake_danner@fws.gov,5/8/2020 13:25,jake_danner@fws.gov,5/8/2020 13:25,618269
211544,7,FF07RKNA00,Kenai National Wildlife Refuge,Pristiphora mollis,Pristiphora mollis,-720767,618254,Animals,Insect,Animalia,Arthropoda,Insecta,Pterygota,Neoptera,Hymenoptera,Symphyta,Tenthredinidae,species,Pristiphora,,,present,,,,,,,,,,,,,,,,,,Approved,Accepted,No,,http://arctos.database.museum/guid/KNWR:Ento:2715,,,,jake_danner@fws.gov,5/8/2020 13:28,jake_danner@fws.gov,5/8/2020 13:28,618254
211545,7,FF07RKNA00,Kenai National Wildlife Refuge,Pristiphora staudingeri,Pristiphora staudingeri,-720755,618229,Animals,Insect,Animalia,Arthropoda,Insecta,Pterygota,Neoptera,Hymenoptera,Symphyta,Tenthredinidae,species,Pristiphora,,,present,,,,,,,,,,,,,,,,,,Approved,Accepted,No,,http://arctos.database.museum/guid/KNWR:Ento:1980,,,,jake_danner@fws.gov,5/8/2020 13:32,jake_danner@fws.gov,5/8/2020 13:32,618229
211901,7,FF07RKNA00,Kenai National Wildlife Refuge,Proclitus paganus,Proclitus paganus,-723840,622058,Animals,Insect,Animalia,Arthropoda,Insecta,Pterygota,Neoptera,Hymenoptera,Apocrita,Ichneumonidae,species,,,,present,,,,,,,,,,,,,,,,,,Approved,Accepted,No,,http://arctos.database.museum/guid/UAMObs:Ento:240738,,,,jake_danner@fws.gov,6/1/2020 10:40,jake_danner@fws.gov,6/1/2020 10:40,622058
211902,7,FF07RKNA00,Kenai National Wildlife Refuge,Psallus falleni,"Psallus falleni Reuter, 1883",106755,9436,Animals,Insect,Animalia,Arthropoda,Insecta,Pterygota,Neoptera,Hemiptera,Heteroptera,Miridae,species,Psallus,,,present,,,,,,,,,,,,,,,,,,Approved,Accepted,No,,http://arctos.database.museum/guid/UAMObs:Ento:240286,,,,jake_danner@fws.gov,6/1/2020 10:41,jake_danner@fws.gov,6/1/2020 10:41,9436
211903,7,FF07RKNA00,Kenai National Wildlife Refuge,Psectrocladius fennicus,"Psectrocladius fennicus Stora, 1939",129028,31972,Animals,Insect,Animalia,Arthropoda,Insecta,Pterygota,Neoptera,Diptera,Nematocera,Chironomidae,species,Psectrocladius,,,present,,,,,,,,,,,,,,,,,,Approved,Accepted,No,,http://arctos.database.museum/guid/UAMObs:Ento:240413,,,,jake_danner@fws.gov,6/1/2020 10:42,jake_danner@fws.gov,6/1/2020 10:42,31972
211904,7,FF07RKNA00,Kenai National Wildlife Refuge,Pseudolimnophila inornata,"Pseudolimnophila inornata (Osten Sacken, 1869)",183772,86076,Animals,Insect,Animalia,Arthropoda,Insecta,Pterygota,Neoptera,Diptera,Nematocera,Tipulidae,species,Pseudolimnophila,,,present,,,,,,,,,,,,,,,,,,Approved,Accepted,No,,http://arctos.database.museum/guid/UAMObs:Ento:239371,,,,jake_danner@fws.gov,6/1/2020 10:44,jake_danner@fws.gov,6/1/2020 10:44,86076
211614,7,FF07RKNA00,Kenai National Wildlife Refuge,Pycnora sorophora,Pycnora sorophora,-511941,174901,Fungi,Fungi,,,,,,,,Lecanoraceae,species,,,,present,,,,,,,,,,,,,,,,,,Approved,Accepted,No,,http://arctos.database.museum/guid/KNWR:Herb:11722,,,,jake_danner@fws.gov,5/11/2020 12:30,jake_danner@fws.gov,5/11/2020 12:30,174901
211905,7,FF07RKNA00,Kenai National Wildlife Refuge,Ramalina thrausta,Ramalina thrausta,190895,105333,Fungi,Fungi,Fungi,Ascomycota,Lecanoromycetes,Lecanoromycetidae,,Lecanorales,,Ramalinaceae,species,Ramalina,,,present,,,,,,,,,,,,,,,,,,Approved,Accepted,No,,http://arctos.database.museum/guid/KNWR:Herb:12322,,,,jake_danner@fws.gov,6/1/2020 10:46,jake_danner@fws.gov,6/1/2020 10:46,105333
211615,7,FF07RKNA00,Kenai National Wildlife Refuge,Ramboldia cinnabarina,"<em>Ramboldia</em> <em>cinnabarina</em> (Sommerf.) Kalb, Lumbsch & Elix",,991955,Fungi,Fungi,Fungi,Ascomycota,Lecanoromycetes,Lecanoromycetidae,,Lecanorales,,Lecanoraceae,species,Ramboldia,,,present,,,,,,,,,,,,,,,,,,Approved,Accepted,No,,http://arctos.database.museum/guid/KNWR:Herb:12158,,,,jake_danner@fws.gov,5/11/2020 12:32,jake_danner@fws.gov,5/11/2020 12:32,991955
211906,7,FF07RKNA00,Kenai National Wildlife Refuge,Rhagonycha mandibularis,"Rhagonycha mandibularis (Kirby in Richards, 1837)",834496,839709,Animals,Insect,Animalia,Arthropoda,Insecta,Pterygota,Neoptera,Coleoptera,Polyphaga,Cantharidae,species,Rhagonycha,,,present,,,,,,,,,,,,,,,,,,Approved,Accepted,No,,http://arctos.database.museum/guid/UAMObs:Ento:239712,,,,jake_danner@fws.gov,6/1/2020 10:47,jake_danner@fws.gov,6/1/2020 10:47,839709
211577,7,FF07RKNA00,Kenai National Wildlife Refuge,Rhigognostis interrupta,Rhigognostis interrupta,-704444,583346,Animals,Insect,Animalia,Arthropoda,Insecta,Pterygota,Neoptera,Lepidoptera,,Plutellidae,species,,,,present,,,,,,,,,,,,,,,,,,Draft,Undecided,No,,http://arctos.database.museum/guid/KNWR:Ento:6832,,,,jake_danner@fws.gov,5/8/2020 15:40,jake_danner@fws.gov,5/8/2020 15:40,583346
211907,7,FF07RKNA00,Kenai National Wildlife Refuge,Rhizomnium glabrescens,Rhizomnium glabrescens (Kindb.) T. Kop.,548075,253085,Plants,Non-vascular Plant,Plantae,Bryophyta,Bryopsida,Bryidae,,Bryales,,Mniaceae,species,Rhizomnium,,,present,,,,,,,,,,,,,,,,,,Approved,Accepted,No,,http://arctos.database.museum/guid/KNWR:Herb:12327,,,,jake_danner@fws.gov,6/1/2020 10:50,jake_danner@fws.gov,6/1/2020 10:50,253085
211546,7,FF07RKNA00,Kenai National Wildlife Refuge,Rhogogaster viridis,Rhogogaster viridis,-720719,617458,Animals,Insect,Animalia,Arthropoda,Insecta,Pterygota,Neoptera,Hymenoptera,Symphyta,Tenthredinidae,species,,,,present,,,,,,,,,,,,,,,,,,Approved,Accepted,No,,http://arctos.database.museum/guid/KNWR:Ento:1437,,,,jake_danner@fws.gov,5/8/2020 13:35,jake_danner@fws.gov,5/8/2020 13:35,617458
211908,7,FF07RKNA00,Kenai National Wildlife Refuge,Rhopalopterum soror,"Rhopalopterum soror (Macquart, 1851)",147991,53125,Animals,Insect,Animalia,Arthropoda,Insecta,Pterygota,Neoptera,Diptera,Brachycera,Chloropidae,species,Rhopalopterum,,,present,,,,,,,,,,,,,,,,,,Approved,Accepted,No,,http://arctos.database.museum/guid/UAMObs:Ento:238993,,,,jake_danner@fws.gov,6/1/2020 10:51,jake_danner@fws.gov,6/1/2020 10:51,53125
211909,7,FF07RKNA00,Kenai National Wildlife Refuge,Rhopobota naevana,Rhopobota naevana,-695487,564941,Animals,Insect,Animalia,Arthropoda,Insecta,Pterygota,Neoptera,Lepidoptera,,Tortricidae,species,,,,present,,,,,,,,,,,,,,,,,,Approved,Accepted,No,,http://arctos.database.museum/guid/UAMObs:Ento:240453,,,,jake_danner@fws.gov,6/1/2020 10:52,jake_danner@fws.gov,6/1/2020 10:52,564941
211910,7,FF07RKNA00,Kenai National Wildlife Refuge,Rimularia caeca,Rimularia caeca,-510736,176243,Fungi,Fungi,Fungi,Ascomycota,Lecanoromycetes,Ostropomycetidae,,Agyriales,,Agyriaceae,species,Rimularia,,,present,,,,,,,,,,,,,,,,,,Approved,Accepted,No,,http://arctos.database.museum/guid/KNWR:Herb:11723,,,,jake_danner@fws.gov,6/1/2020 10:55,jake_danner@fws.gov,6/1/2020 10:55,176243
211630,7,FF07RKNA00,Kenai National Wildlife Refuge,Rinodina degeliana,Rinodina degeliana,-510743,176258,Fungi,Fungi,Fungi,Ascomycota,Lecanoromycetes,Lecanoromycetidae,,Teloschistales,,Physciaceae,species,Rinodina,,,present,,,,,,,,,,,,,,,,,,Approved,Accepted,No,,http://arctos.database.museum/guid/KNWR:Herb:12299,,,,jake_danner@fws.gov,5/11/2020 14:03,jake_danner@fws.gov,5/11/2020 14:03,176258
211911,7,FF07RKNA00,Kenai National Wildlife Refuge,Rinodina metaboliza,Rinodina metaboliza Vain.,191180,97112,Fungi,Fungi,Fungi,Ascomycota,Lecanoromycetes,Lecanoromycetidae,,Teloschistales,,Physciaceae,species,Rinodina,,,present,,,,,,,,,,,,,,,,,,Approved,Accepted,No,,http://arctos.database.museum/guid/KNWR:Herb:11646,,,,jake_danner@fws.gov,6/1/2020 10:56,jake_danner@fws.gov,6/1/2020 10:56,97112
211657,7,FF07RKNA00,Kenai National Wildlife Refuge,Rumex occidentalis,Rumex occidentalis S. Watson,20947,117316,Plants,Vascular Plant,Plantae,Tracheophyta,Magnoliopsida,,,Caryophyllales,,Polygonaceae,species,Rumex,,,present,,,,,,,,,,,,,,,,,,Approved,Accepted,No,,http://arctos.database.museum/guid/KNWR:Herb:10491,,,,jake_danner@fws.gov,5/11/2020 17:47,jake_danner@fws.gov,5/11/2020 17:47,117316
211592,7,FF07RKNA00,Kenai National Wildlife Refuge,Russula xerampelina,Russula xerampelina,-504870,164366,Fungi,Fungi,Fungi,,,,,Russulales,,Russulaceae,species,,,,present,,,,,,,,,,,,,,,,,,Approved,Accepted,No,,https://www.inaturalist.org/observations/871319,,,,jake_danner@fws.gov,5/8/2020 17:15,jake_danner@fws.gov,5/8/2020 17:15,164366
211662,7,FF07RKNA00,Kenai National Wildlife Refuge,Salix arctica,Salix arctica Liebm.,22477,119676,Plants,Vascular Plant,Plantae,Tracheophyta,Magnoliopsida,,,Malpighiales,,Salicaceae,species,Salix,,,present,,,,,,,,,,,,,,,,,,Approved,Accepted,No,,http://arctos.database.museum/guid/KNWR:Herb:11213,,,,jake_danner@fws.gov,5/12/2020 10:56,jake_danner@fws.gov,5/12/2020 10:56,119676
211912,7,FF07RKNA00,Kenai National Wildlife Refuge,Sargus decorus,"Sargus decorus Say, 1824",130376,31681,Animals,Insect,Animalia,Arthropoda,Insecta,Pterygota,Neoptera,Diptera,Brachycera,Stratiomyidae,species,Sargus,,,present,,,,,,,,,,,,,,,,,,Approved,Accepted,No,,http://arctos.database.museum/guid/UAMObs:Ento:239769,,,,jake_danner@fws.gov,6/1/2020 10:58,jake_danner@fws.gov,6/1/2020 10:58,31681
211913,7,FF07RKNA00,Kenai National Wildlife Refuge,Scaptomyza trochanterata,"Scaptomyza trochanterata Collin, 1953",146645,49791,Animals,Insect,Animalia,Arthropoda,Insecta,Pterygota,Neoptera,Diptera,Brachycera,Drosophilidae,species,Scaptomyza,,,present,,,,,,,,,,,,,,,,,,Approved,Accepted,No,,http://arctos.database.museum/guid/UAMObs:Ento:239059,,,,jake_danner@fws.gov,6/1/2020 10:59,jake_danner@fws.gov,6/1/2020 10:59,49791
211484,7,FF07RKNA00,Kenai National Wildlife Refuge,Scatella tenuicosta,Scatella tenuicosta,-710418,594827,Animals,Insect,Animalia,Arthropoda,Insecta,Pterygota,Neoptera,Diptera,Brachycera,Ephydridae,species,Scatella,,,present,,,,,,,,,,,,,,,,,,Approved,Accepted,No,,http://arctos.database.museum/guid/KNWR:Ento:10505,,,,jake_danner@fws.gov,5/7/2020 11:57,jake_danner@fws.gov,5/7/2020 11:57,594827
211664,7,FF07RKNA00,Kenai National Wildlife Refuge,Schoenoplectus acutus,Schoenoplectus acutus (Muhl. ex Bigelow) √Å. L√∂ve & D. L√∂ve,507785,166989,Plants,Vascular Plant,Plantae,Tracheophyta,Magnoliopsida,,,Poales,,Cyperaceae,species,Schoenoplectus,,,present,,,,,,,,,,,,,,,,,,Draft,Undecided,No,,https://www.inaturalist.org/observations/15021721,,,,jake_danner@fws.gov,5/12/2020 11:08,jake_danner@fws.gov,5/12/2020 11:08,166989
211914,7,FF07RKNA00,Kenai National Wildlife Refuge,Sciuro-hypnum latifolium,<em>Sciuro-hypnum</em> <em>latifolium</em> (Kindberg) Ignatov & Huttunen,,991959,Plants,Non-vascular Plant,Plantae,Bryophyta,Bryopsida,Bryidae,,Hypnales,,Brachytheciaceae,species,Sciuro-hypnum,,,present,,,,,,,,,,,,,,,,,,Approved,Accepted,No,,http://arctos.database.museum/guid/KNWR:Herb:11990,,,,jake_danner@fws.gov,6/1/2020 11:01,jake_danner@fws.gov,6/1/2020 11:01,991959
211915,7,FF07RKNA00,Kenai National Wildlife Refuge,Sepedon pusilla,"Sepedon pusilla Loew, 1859",144911,45944,Animals,Insect,Animalia,Arthropoda,Insecta,Pterygota,Neoptera,Diptera,Brachycera,Sciomyzidae,species,Sepedon,,,present,,,,,,,,,,,,,,,,,,Approved,Accepted,No,,http://arctos.database.museum/guid/UAMObs:Ento:240455,,,,jake_danner@fws.gov,6/1/2020 11:02,jake_danner@fws.gov,6/1/2020 11:02,45944
211916,7,FF07RKNA00,Kenai National Wildlife Refuge,Sepsis neocynipsea,"Sepsis neocynipsea Melander and Spuler, 1917",145024,46873,Animals,Insect,Animalia,Arthropoda,Insecta,Pterygota,Neoptera,Diptera,Brachycera,Sepsidae,species,Sepsis,,,present,,,,,,,,,,,,,,,,,,Approved,Accepted,No,,http://arctos.database.museum/guid/UAMObs:Ento:240758,,,,jake_danner@fws.gov,6/1/2020 11:04,jake_danner@fws.gov,6/1/2020 11:04,46873
211917,7,FF07RKNA00,Kenai National Wildlife Refuge,Simulium tuberosum,"Simulium tuberosum (Lundstrom, 1911)",126883,24703,Animals,Insect,Animalia,Arthropoda,Insecta,Pterygota,Neoptera,Diptera,Nematocera,Simuliidae,species,Simulium,,,present,,,,,,,,,,,,,,,,,,Approved,Accepted,No,,http://arctos.database.museum/guid/UAMObs:Ento:240150,,,,jake_danner@fws.gov,6/1/2020 11:05,jake_danner@fws.gov,6/1/2020 11:05,24703
211918,7,FF07RKNA00,Kenai National Wildlife Refuge,Sorhoanus xanthoneurus,Sorhoanus xanthoneurus,-737860,650737,Animals,Insect,Animalia,Arthropoda,Insecta,Pterygota,Neoptera,Hemiptera,Auchenorrhyncha,Cicadellidae,species,,,,present,,,,,,,,,,,,,,,,,,Approved,Accepted,No,,http://arctos.database.museum/guid/UAMObs:Ento:240009,,,,jake_danner@fws.gov,6/1/2020 11:08,jake_danner@fws.gov,6/1/2020 11:08,650737
211562,7,FF07RKNA00,Kenai National Wildlife Refuge,Spaelotis clandestina,"Spaelotis clandestina (Harris, 1841)",771426,759652,Animals,Insect,Animalia,Arthropoda,Insecta,Pterygota,Neoptera,Lepidoptera,,Noctuidae,species,Spaelotis,,,present,,,,,,,,,,,,,,,,,,Approved,Accepted,No,,http://arctos.database.museum/guid/KNWR:Ento:11090,,,,jake_danner@fws.gov,5/8/2020 14:56,jake_danner@fws.gov,5/8/2020 14:56,759652
211919,7,FF07RKNA00,Kenai National Wildlife Refuge,Sphaerophoria novaeangliae,"Sphaerophoria novaeangliae Johnson, 1916",140260,39994,Animals,Insect,Animalia,Arthropoda,Insecta,Pterygota,Neoptera,Diptera,Brachycera,Syrphidae,species,Sphaerophoria,,,present,,,,,,,,,,,,,,,,,,Approved,Accepted,No,,http://arctos.database.museum/guid/UAMObs:Ento:240896,,,,jake_danner@fws.gov,6/1/2020 11:09,jake_danner@fws.gov,6/1/2020 11:09,39994
211632,7,FF07RKNA00,Kenai National Wildlife Refuge,Sphaerophorus fragilis,Sphaerophorus fragilis,-510971,173910,Fungi,Fungi,Fungi,Ascomycota,Lecanoromycetes,Lecanoromycetidae,,Lecanorales,,Sphaerophoraceae,species,,,,present,,,,,,,,,,,,,,,,,,Approved,Accepted,No,,http://arctos.database.museum/guid/KNWR:Herb:9068,,,,jake_danner@fws.gov,5/11/2020 14:10,jake_danner@fws.gov,5/11/2020 14:10,173910
211633,7,FF07RKNA00,Kenai National Wildlife Refuge,Sphaerophorus globosus,Sphaerophorus globosus,-510973,173914,Fungi,Fungi,Fungi,Ascomycota,Lecanoromycetes,Lecanoromycetidae,,Lecanorales,,Sphaerophoraceae,species,,,,present,,,,,,,,,,,,,,,,,,Approved,Accepted,No,,http://arctos.database.museum/guid/KNWR:Herb:8851,,,,jake_danner@fws.gov,5/11/2020 14:13,jake_danner@fws.gov,5/11/2020 14:13,173914
211920,7,FF07RKNA00,Kenai National Wildlife Refuge,Sphagnum contortum,Sphagnum contortum Schultz,15686,59758,Plants,Non-vascular Plant,Plantae,Bryophyta,Sphagnopsida,,,Sphagnales,,Sphagnaceae,species,Sphagnum,,,present,,,,,,,,,,,,,,,,,,Approved,Accepted,No,,http://arctos.database.museum/guid/KNWR:Herb:12286,,,,jake_danner@fws.gov,6/1/2020 11:10,jake_danner@fws.gov,6/1/2020 11:10,59758
211921,7,FF07RKNA00,Kenai National Wildlife Refuge,Sphagnum jensenii,Sphagnum jensenii H. Lindb.,548202,254986,Plants,Non-vascular Plant,Plantae,Bryophyta,Sphagnopsida,,,Sphagnales,,Sphagnaceae,species,Sphagnum,,,present,,,,,,,,,,,,,,,,,,Approved,Accepted,No,,http://arctos.database.museum/guid/KNWR:Herb:11729,,,,jake_danner@fws.gov,6/1/2020 11:11,jake_danner@fws.gov,6/1/2020 11:11,254986
211922,7,FF07RKNA00,Kenai National Wildlife Refuge,Sphagnum rubellum,Sphagnum rubellum Wils.,548213,255009,Plants,Non-vascular Plant,Plantae,Bryophyta,Sphagnopsida,,,Sphagnales,,Sphagnaceae,species,Sphagnum,,,present,,,,,,,,,,,,,,,,,,Approved,Accepted,No,,http://arctos.database.museum/guid/KNWR:Herb:11827,,,,jake_danner@fws.gov,6/1/2020 11:11,jake_danner@fws.gov,6/1/2020 11:11,255009
211923,7,FF07RKNA00,Kenai National Wildlife Refuge,Spilogona contractifrons,"Spilogona contractifrons (Zetterstedt, 1838)",150869,56072,Animals,Insect,Animalia,Arthropoda,Insecta,Pterygota,Neoptera,Diptera,Brachycera,Muscidae,species,Spilogona,,,present,,,,,,,,,,,,,,,,,,Approved,Accepted,No,,http://arctos.database.museum/guid/UAMObs:Ento:240203,,,,jake_danner@fws.gov,6/1/2020 11:13,jake_danner@fws.gov,6/1/2020 11:13,56072
211924,7,FF07RKNA00,Kenai National Wildlife Refuge,Spilogona forticula,"Spilogona forticula Huckett, 1965",150901,56109,Animals,Insect,Animalia,Arthropoda,Insecta,Pterygota,Neoptera,Diptera,Brachycera,Muscidae,species,Spilogona,,,present,,,,,,,,,,,,,,,,,,Approved,Accepted,No,,http://arctos.database.museum/guid/UAMObs:Ento:240954,,,,jake_danner@fws.gov,6/1/2020 11:14,jake_danner@fws.gov,6/1/2020 11:14,56109
211925,7,FF07RKNA00,Kenai National Wildlife Refuge,Spilogona opaca,"Spilogona opaca (Schnabl, 19150",150972,56988,Animals,Insect,Animalia,Arthropoda,Insecta,Pterygota,Neoptera,Diptera,Brachycera,Muscidae,species,Spilogona,,,present,,,,,,,,,,,,,,,,,,Approved,Accepted,No,,http://arctos.database.museum/guid/UAMObs:Ento:239061,,,,jake_danner@fws.gov,6/1/2020 11:15,jake_danner@fws.gov,6/1/2020 11:15,56988
211523,7,FF07RKNA00,Kenai National Wildlife Refuge,Spilomicrus stigmaticalis,Spilomicrus stigmaticalis,-717512,607789,Animals,Insect,Animalia,Arthropoda,Insecta,Pterygota,Neoptera,Hymenoptera,Apocrita,Diapriidae,species,,,,present,,,,,,,,,,,,,,,,,,Approved,Accepted,No,,http://arctos.database.museum/guid/KNWR:Ento:2805,,,,jake_danner@fws.gov,5/8/2020 12:11,jake_danner@fws.gov,5/8/2020 12:11,607789
211926,7,FF07RKNA00,Kenai National Wildlife Refuge,Splachnum luteum,Splachnum luteum Hedw.,15870,64574,Plants,Non-vascular Plant,Plantae,Bryophyta,Bryopsida,Bryidae,,Splachnales,,Splachnaceae,species,Splachnum,,,present,,,,,,,,,,,,,,,,,,Approved,Accepted,No,,http://arctos.database.museum/guid/KNWRObs:Herb:373,,,,jake_danner@fws.gov,6/1/2020 11:17,jake_danner@fws.gov,6/1/2020 11:17,64574
211583,7,FF07RKNA00,Kenai National Wildlife Refuge,Staurosira construens,Staurosira construens Ehrenb.,590965,341693,Chromista,Chromista,Chromista,Ochrophyta,Bacillariophyceae,Fragilariophycidae,,Fragilariales,,Fragilariaceae,species,Staurosira,,,present,,,,,,,,,,,,,,,,,,Approved,Accepted,No,,https://www.inaturalist.org/observations/12891879,,,,jake_danner@fws.gov,5/8/2020 16:11,jake_danner@fws.gov,5/8/2020 16:11,341693
211509,7,FF07RKNA00,Kenai National Wildlife Refuge,Stenodema trispinosum,Stenodema trispinosum,-733086,648657,Animals,Insect,Animalia,Arthropoda,Insecta,Pterygota,Neoptera,Hemiptera,Heteroptera,Miridae,species,Stenodema,,,present,,,,,,,,,,,,,,,,,,Approved,Accepted,No,,http://arctos.database.museum/guid/KNWR:Ento:5769,,,,jake_danner@fws.gov,5/8/2020 11:07,jake_danner@fws.gov,5/8/2020 11:07,648657
211588,7,FF07RKNA00,Kenai National Wildlife Refuge,Stephanodiscus niagarae,Stephanodiscus niagarae Ehrenb.,2432,123502,Chromista,Chromista,Chromista,Ochrophyta,Bacillariophyceae,Coscinodiscophycidae,,Thalassiosirales,,Stephanodiscaceae,species,Stephanodiscus,,,present,,,,,,,,,,,,,,,,,,Approved,Accepted,No,,https://www.inaturalist.org/observations/12689404,,,,jake_danner@fws.gov,5/8/2020 16:26,jake_danner@fws.gov,5/8/2020 16:26,123502
211927,7,FF07RKNA00,Kenai National Wildlife Refuge,Stephostethus liratus,Stephostethus liratus,-694008,559153,Animals,Insect,Animalia,Arthropoda,Insecta,Pterygota,Neoptera,Coleoptera,Polyphaga,Latridiidae,species,,,,present,,,,,,,,,,,,,,,,,,Approved,Accepted,No,,http://arctos.database.museum/guid/UAMObs:Ento:240883,,,,jake_danner@fws.gov,6/1/2020 11:18,jake_danner@fws.gov,6/1/2020 11:18,559153
211634,7,FF07RKNA00,Kenai National Wildlife Refuge,Stereocaulon alpinum,Stereocaulon alpinum,-511042,174731,Fungi,Fungi,Fungi,Ascomycota,Lecanoromycetes,Lecanoromycetidae,,Lecanorales,,Stereocaulaceae,species,Stereocaulon,,,present,,,,,,,,,,,,,,,,,,Approved,Accepted,No,,http://arctos.database.museum/guid/KNWR:Herb:8850,,,,jake_danner@fws.gov,5/11/2020 14:16,jake_danner@fws.gov,5/11/2020 14:16,174731
211635,7,FF07RKNA00,Kenai National Wildlife Refuge,Stereocaulon arenarium,Stereocaulon arenarium,-511046,174739,Fungi,Fungi,Fungi,Ascomycota,Lecanoromycetes,Lecanoromycetidae,,Lecanorales,,Stereocaulaceae,species,Stereocaulon,,,present,,,,,,,,,,,,,,,,,,Approved,Accepted,No,,http://arctos.database.museum/guid/KNWR:Herb:9078,,,,jake_danner@fws.gov,5/11/2020 14:21,jake_danner@fws.gov,5/11/2020 14:21,174739
211636,7,FF07RKNA00,Kenai National Wildlife Refuge,Stereocaulon botryosum,Stereocaulon botryosum,-511047,174741,Fungi,Fungi,Fungi,Ascomycota,Lecanoromycetes,Lecanoromycetidae,,Lecanorales,,Stereocaulaceae,species,Stereocaulon,,,present,,,,,,,,,,,,,,,,,,Approved,Accepted,No,,http://arctos.database.museum/guid/KNWR:Herb:9080,,,,jake_danner@fws.gov,5/11/2020 14:23,jake_danner@fws.gov,5/11/2020 14:23,174741
211637,7,FF07RKNA00,Kenai National Wildlife Refuge,Stereocaulon intermedium,Stereocaulon intermedium,-511062,174773,Fungi,Fungi,Fungi,Ascomycota,Lecanoromycetes,Lecanoromycetidae,,Lecanorales,,Stereocaulaceae,species,Stereocaulon,,,present,,,,,,,,,,,,,,,,,,Approved,Accepted,No,,http://arctos.database.museum/guid/KNWR:Herb:9084,,,,jake_danner@fws.gov,5/11/2020 14:27,jake_danner@fws.gov,5/11/2020 14:27,174773
211638,7,FF07RKNA00,Kenai National Wildlife Refuge,Stereocaulon paschale,Stereocaulon paschale,-504884,164395,Fungi,Fungi,Fungi,Ascomycota,Lecanoromycetes,Lecanoromycetidae,,Lecanorales,,Stereocaulaceae,species,Stereocaulon,,,present,,,,,,,,,,,,,,,,,,Approved,Accepted,No,,http://arctos.database.museum/guid/KNWR:Herb:9082,,,,jake_danner@fws.gov,5/11/2020 14:30,jake_danner@fws.gov,5/11/2020 14:30,164395
211639,7,FF07RKNA00,Kenai National Wildlife Refuge,Stereocaulon rivulorum,Stereocaulon rivulorum,-511072,174794,Fungi,Fungi,Fungi,Ascomycota,Lecanoromycetes,Lecanoromycetidae,,Lecanorales,,Stereocaulaceae,species,Stereocaulon,,,present,,,,,,,,,,,,,,,,,,Approved,Accepted,No,,http://arctos.database.museum/guid/KNWR:Herb:9085,,,,jake_danner@fws.gov,5/11/2020 14:32,jake_danner@fws.gov,5/11/2020 14:32,174794
211928,7,FF07RKNA00,Kenai National Wildlife Refuge,Strongylogaster macula,Strongylogaster macula,-720707,617433,Animals,Insect,Animalia,Arthropoda,Insecta,Pterygota,Neoptera,Hymenoptera,Symphyta,Tenthredinidae,species,,,,present,,,,,,,,,,,,,,,,,,Approved,Accepted,No,,http://arctos.database.museum/guid/UAMObs:Ento:239436,,,,jake_danner@fws.gov,6/1/2020 11:19,jake_danner@fws.gov,6/1/2020 11:19,617433
211578,7,FF07RKNA00,Kenai National Wildlife Refuge,Swammerdamia caesiella,Swammerdamia caesiella,-696742,568382,Animals,Insect,Animalia,Arthropoda,Insecta,Pterygota,Neoptera,Lepidoptera,,Yponomeutidae,species,,,,present,,,,,,,,,,,,,,,,,,Approved,Accepted,No,,http://arctos.database.museum/guid/KNWR:Ento:3299,,,,jake_danner@fws.gov,5/8/2020 15:42,jake_danner@fws.gov,5/8/2020 15:42,568382
211929,7,FF07RKNA00,Kenai National Wildlife Refuge,Sympistis dentata,"Sympistis dentata (Grote, 1875)",940410,933236,Animals,Insect,Animalia,Arthropoda,Insecta,Pterygota,Neoptera,Lepidoptera,,Noctuidae,species,Sympistis,,,present,,,,,,,,,,,,,,,,,,Approved,Accepted,No,,http://arctos.database.museum/guid/UAMObs:Ento:239396,,,,jake_danner@fws.gov,6/1/2020 11:20,jake_danner@fws.gov,6/1/2020 11:20,933236
211930,7,FF07RKNA00,Kenai National Wildlife Refuge,Syrphus ribesii,Syrphus ribesii Linnaeus,140289,40025,Animals,Insect,Animalia,Arthropoda,Insecta,Pterygota,Neoptera,Diptera,Brachycera,Syrphidae,species,Syrphus,,,present,,,,,,,,,,,,,,,,,,Approved,Accepted,No,,http://arctos.database.museum/guid/UAMObs:Ento:240038,,,,jake_danner@fws.gov,6/1/2020 11:21,jake_danner@fws.gov,6/1/2020 11:21,40025
211931,7,FF07RKNA00,Kenai National Wildlife Refuge,Syrphus torvus,"Syrphus torvus Osten Sacken, 1875",140301,40040,Animals,Insect,Animalia,Arthropoda,Insecta,Pterygota,Neoptera,Diptera,Brachycera,Syrphidae,species,Syrphus,,,present,,,,,,,,,,,,,,,,,,Approved,Accepted,No,,http://arctos.database.museum/guid/UAMObs:Ento:240541,,,,jake_danner@fws.gov,6/1/2020 11:22,jake_danner@fws.gov,6/1/2020 11:22,40040
211500,7,FF07RKNA00,Kenai National Wildlife Refuge,Tamalia coweni,Tamalia coweni,-740048,658242,Animals,Insect,Animalia,Arthropoda,Insecta,Pterygota,Neoptera,Hemiptera,Sternorrhyncha,Aphididae,species,,,,present,,,,,,,,,,,,,,,,,,Approved,Accepted,No,,https://www.ebi.ac.uk/ena/data/view/JF883540,,,,jake_danner@fws.gov,5/8/2020 10:38,jake_danner@fws.gov,5/8/2020 10:38,658242
211932,7,FF07RKNA00,Kenai National Wildlife Refuge,Tanypus punctipennis,"Tanypus punctipennis Meigen, 1818",128333,26778,Animals,Insect,Animalia,Arthropoda,Insecta,Pterygota,Neoptera,Diptera,Nematocera,Chironomidae,species,Tanypus,,,present,,,,,,,,,,,,,,,,,,Approved,Accepted,No,,http://arctos.database.museum/guid/UAMObs:Ento:240088,,,,jake_danner@fws.gov,6/1/2020 11:24,jake_danner@fws.gov,6/1/2020 11:24,26778
211933,7,FF07RKNA00,Kenai National Wildlife Refuge,Tanytarsus mendax,"Tanytarsus mendax Kieffer, 1925",130003,28723,Animals,Insect,Animalia,Arthropoda,Insecta,Pterygota,Neoptera,Diptera,Nematocera,Chironomidae,species,Tanytarsus,,,present,,,,,,,,,,,,,,,,,,Approved,Accepted,No,,http://arctos.database.museum/guid/UAMObs:Ento:240781,,,,jake_danner@fws.gov,6/1/2020 11:25,jake_danner@fws.gov,6/1/2020 11:25,28723
211652,7,FF07RKNA00,Kenai National Wildlife Refuge,Tetralophozia setiformis,Tetralophozia setiformis (Ehrh.) Schljakov,1108116,1202131,Plants,Non-vascular Plant,Plantae,Marchantiophyta,Jungermanniopsida,Jungermanniidae,,Jungermanniales,Cephaloziineae,Anastrophyllaceae,species,Tetralophozia,,,present,,,,,,,,,,,,,,,,,,Approved,Accepted,No,,http://sweetgum.nybg.org/science/vh/specimen-details/?irn=461062,,,,jake_danner@fws.gov,5/11/2020 17:20,jake_danner@fws.gov,5/11/2020 17:20,1202131
211934,7,FF07RKNA00,Kenai National Wildlife Refuge,Tetraplodon angustatus,Tetraplodon angustatus (Hedw.) Bruch & Schimp. in B.S.G.,15868,64551,Plants,Non-vascular Plant,Plantae,Bryophyta,Bryopsida,Bryidae,,Splachnales,,Splachnaceae,species,Tetraplodon,,,present,,,,,,,,,,,,,,,,,,Approved,Accepted,No,,http://arctos.database.museum/guid/KNWR:Herb:12128,,,,jake_danner@fws.gov,6/1/2020 11:31,jake_danner@fws.gov,6/1/2020 11:31,64551
211507,7,FF07RKNA00,Kenai National Wildlife Refuge,Thamnotettix confinis,Thamnotettix confinis,-737939,651736,Animals,Insect,Animalia,Arthropoda,Insecta,Pterygota,Neoptera,Hemiptera,Auchenorrhyncha,Cicadellidae,species,,,,present,,,,,,,,,,,,,,,,,,Approved,Accepted,No,,http://arctos.database.museum/guid/UAM:Ento:176125,,,,jake_danner@fws.gov,5/8/2020 10:56,jake_danner@fws.gov,5/8/2020 10:56,651736
211935,7,FF07RKNA00,Kenai National Wildlife Refuge,Thanatus coloradensis,"Thanatus coloradensis Keyserling, 1880",890404,780279,Animals,Spider/Scorpion,Animalia,Arthropoda,Euchelicerata,Arachnida,,Araneae,,Philodromidae,species,Thanatus,,,present,,,,,,,,,,,,,,,,,,Approved,Accepted,No,,http://arctos.database.museum/guid/UAMObs:Ento:238750,,,,jake_danner@fws.gov,6/1/2020 11:35,jake_danner@fws.gov,6/1/2020 11:35,780279
211501,7,FF07RKNA00,Kenai National Wildlife Refuge,Thecabius affinis,Thecabius affinis,-740057,658261,Animals,Insect,Animalia,Arthropoda,Insecta,Pterygota,Neoptera,Hemiptera,Sternorrhyncha,Aphididae,species,,,,present,,,,,,,,,,,,,,,,,,Approved,Accepted,No,,http://arctos.database.museum/guid/UAMObs:Ento:229851,,,,jake_danner@fws.gov,5/8/2020 10:41,jake_danner@fws.gov,5/8/2020 10:41,658261
211503,7,FF07RKNA00,Kenai National Wildlife Refuge,Thecabius populimonilis,Thecabius populimonilis,-740060,658268,Animals,Insect,Animalia,Arthropoda,Insecta,Pterygota,Neoptera,Hemiptera,Sternorrhyncha,Aphididae,species,,,,present,,,,,,,,,,,,,,,,,,Approved,Accepted,No,,http://arctos.database.museum/guid/KNWR:Ento:6350,,,,jake_danner@fws.gov,5/8/2020 10:46,jake_danner@fws.gov,5/8/2020 10:46,658268
211936,7,FF07RKNA00,Kenai National Wildlife Refuge,Theridion saanichum,"Theridion saanichum Chamberlin & Ivie, 1947",869085,812256,Animals,Spider/Scorpion,Animalia,Arthropoda,Euchelicerata,Arachnida,,Araneae,,Theridiidae,species,Theridion,,,present,,,,,,,,,,,,,,,,,,Approved,Accepted,No,,http://arctos.database.museum/guid/UAMObs:Ento:240784,,,,jake_danner@fws.gov,6/1/2020 11:36,jake_danner@fws.gov,6/1/2020 11:36,812256
211488,7,FF07RKNA00,Kenai National Wildlife Refuge,Tipula macrolabis,Tipula macrolabis,-708375,590007,Animals,Insect,Animalia,Arthropoda,Insecta,Pterygota,Neoptera,Diptera,Nematocera,Tipulidae,species,Tipula,,,present,,,,,,,,,,,,,,,,,,Approved,Accepted,No,,http://arctos.database.museum/guid/KNWR:Ento:11157,,,,jake_danner@fws.gov,5/7/2020 12:25,jake_danner@fws.gov,5/7/2020 12:25,590007
211937,7,FF07RKNA00,Kenai National Wildlife Refuge,Tipula penobscot,"Tipula penobscot Alexander, 1915",119411,14624,Animals,Insect,Animalia,Arthropoda,Insecta,Pterygota,Neoptera,Diptera,Nematocera,Tipulidae,species,Tipula,,,present,,,,,,,,,,,,,,,,,,Approved,Accepted,No,,http://arctos.database.museum/guid/UAMObs:Ento:238942,,,,jake_danner@fws.gov,6/1/2020 11:37,jake_danner@fws.gov,6/1/2020 11:37,14624
211938,7,FF07RKNA00,Kenai National Wildlife Refuge,Toensbergia leucococca,Toensbergia leucococca (R. Sant.) Bendiksby & Timdal,,1128556,Fungi,Fungi,Fungi,Ascomycota,Lecanoromycetes,Lecanoromycetidae,,Rhizocarpales,,Sporastatiaceae,species,Toensbergia,,,present,,,,,,,,,,,,,,,,,,Approved,Accepted,No,,http://arctos.database.museum/guid/KNWR:Herb:11953,,,,jake_danner@fws.gov,6/1/2020 11:38,jake_danner@fws.gov,6/1/2020 11:38,1128556
211939,7,FF07RKNA00,Kenai National Wildlife Refuge,Tomentypnum nitens,Tomentypnum nitens (Hedw.) Loeske,548133,254027,Plants,Non-vascular Plant,Plantae,Bryophyta,Bryopsida,Bryidae,,Hypnales,,Brachytheciaceae,species,Tomentypnum,,,present,,,,,,,,,,,,,,,,,,Approved,Accepted,No,,http://arctos.database.museum/guid/KNWR:Herb:12173,,,,jake_danner@fws.gov,6/1/2020 11:39,jake_danner@fws.gov,6/1/2020 11:39,254027
211548,7,FF07RKNA00,Kenai National Wildlife Refuge,Torymus cecidomyiae,Torymus cecidomyiae,-642110,452371,Animals,Insect,Animalia,Arthropoda,Insecta,Pterygota,Neoptera,Hymenoptera,Apocrita,Torymidae,species,Torymus,,,present,,,,,,,,,,,,,,,,,,Approved,Accepted,No,,http://arctos.database.museum/guid/KNWR:Ento:8379,,,,jake_danner@fws.gov,5/8/2020 13:42,jake_danner@fws.gov,5/8/2020 13:42,452371
211940,7,FF07RKNA00,Kenai National Wildlife Refuge,Trichadenotecnum majus,"Trichadenotecnum majus (Kolbe, 1880)",661382,494626,Animals,Insect,Animalia,Arthropoda,Insecta,Pterygota,Neoptera,Psocodea,Psocomorpha,Psocidae,species,Trichadenotecnum,,,present,,,,,,,,,,,,,,,,,,Approved,Accepted,No,,http://arctos.database.museum/guid/UAMObs:Ento:240542,,,,jake_danner@fws.gov,6/1/2020 11:41,jake_danner@fws.gov,6/1/2020 11:41,494626
211520,7,FF07RKNA00,Kenai National Wildlife Refuge,Trichiosoma triangulum,Trichiosoma triangulum,-718563,614677,Animals,Insect,Animalia,Arthropoda,Insecta,Pterygota,Neoptera,Hymenoptera,Symphyta,Cimbicidae,species,,,,present,,,,,,,,,,,,,,,,,,Approved,Accepted,No,,https://www.inaturalist.org/observations/16032929,,,,jake_danner@fws.gov,5/8/2020 11:57,jake_danner@fws.gov,5/8/2020 11:57,614677
211941,7,FF07RKNA00,Kenai National Wildlife Refuge,Trichonta hamata,"Trichonta hamata Mik, 1880",122142,18281,Animals,Insect,Animalia,Arthropoda,Insecta,Pterygota,Neoptera,Diptera,Nematocera,Mycetophilidae,species,Trichonta,,,present,,,,,,,,,,,,,,,,,,Approved,Accepted,No,,http://arctos.database.museum/guid/UAMObs:Ento:239736,,,,jake_danner@fws.gov,6/1/2020 11:42,jake_danner@fws.gov,6/1/2020 11:42,18281
211942,7,FF07RKNA00,Kenai National Wildlife Refuge,Trichonta vitta,"Trichonta vitta (Meigen, 1830)",122165,18306,Animals,Insect,Animalia,Arthropoda,Insecta,Pterygota,Neoptera,Diptera,Nematocera,Mycetophilidae,species,Trichonta,,,present,,,,,,,,,,,,,,,,,,Approved,Accepted,No,,http://arctos.database.museum/guid/UAMObs:Ento:240627,,,,jake_danner@fws.gov,6/1/2020 11:43,jake_danner@fws.gov,6/1/2020 11:43,18306
211653,7,FF07RKNA00,Kenai National Wildlife Refuge,Triglochin palustris,Triglochin palustris L.,897356,784441,Plants,Vascular Plant,Plantae,Tracheophyta,Magnoliopsida,,,Alismatales,,Juncaginaceae,species,Triglochin,,,present,,,,,,,,,,,,,,,,,,Approved,Accepted,No,,http://arctos.database.museum/guid/UAM:Herb:25616,,,,jake_danner@fws.gov,5/11/2020 17:23,jake_danner@fws.gov,5/11/2020 17:23,784441
211943,7,FF07RKNA00,Kenai National Wildlife Refuge,Tritomaria exsectiformis,Tritomaria exsectiformis (Breidl.) Schiffn. ex Loeske,14828,54918,Plants,Non-vascular Plant,Plantae,Marchantiophyta,Jungermanniopsida,Jungermanniidae,,Jungermanniales,Cephaloziineae,Lophoziaceae,species,Tritomaria,,,present,,,,,,,,,,,,,,,,,,Approved,Accepted,No,,http://arctos.database.museum/guid/KNWR:Herb:12174,,,,jake_danner@fws.gov,6/1/2020 11:46,jake_danner@fws.gov,6/1/2020 11:46,54918
211555,7,FF07RKNA00,Kenai National Wildlife Refuge,Udea washingtonalis,Udea washingtonalis,-697554,567190,Animals,Insect,Animalia,Arthropoda,Insecta,Pterygota,Neoptera,Lepidoptera,,Pyralidae,species,,,,present,,,,,,,,,,,,,,,,,,Approved,Accepted,No,,http://arctos.database.museum/guid/KNWR:Ento:6825,,,,jake_danner@fws.gov,5/8/2020 14:11,jake_danner@fws.gov,5/8/2020 14:11,567190
211641,7,FF07RKNA00,Kenai National Wildlife Refuge,Umbilicaria caroliniana,Umbilicaria caroliniana,-511420,175048,Fungi,Fungi,Fungi,Ascomycota,Lecanoromycetes,,,Umbilicariales,,Umbilicariaceae,species,Umbilicaria,,,present,,,,,,,,,,,,,,,,,,Approved,Accepted,No,,http://arctos.database.museum/guid/KNWR:Herb:9093,,,,jake_danner@fws.gov,5/11/2020 14:45,jake_danner@fws.gov,5/11/2020 14:45,175048
211642,7,FF07RKNA00,Kenai National Wildlife Refuge,Umbilicaria deusta,Umbilicaria deusta,-511426,175060,Fungi,Fungi,Fungi,Ascomycota,Lecanoromycetes,,,Umbilicariales,,Umbilicariaceae,species,Umbilicaria,,,present,,,,,,,,,,,,,,,,,,Approved,Accepted,No,,http://arctos.database.museum/guid/KNWR:Herb:9095,,,,jake_danner@fws.gov,5/11/2020 14:52,jake_danner@fws.gov,5/11/2020 14:52,175060
211643,7,FF07RKNA00,Kenai National Wildlife Refuge,Umbilicaria hyperborea,Umbilicaria hyperborea,-9741343,736489,Fungi,Fungi,Fungi,Ascomycota,Lecanoromycetes,,,Umbilicariales,,Umbilicariaceae,species,Umbilicaria,,,present,,,,,,,,,,,,,,,,,,Approved,Accepted,No,,http://arctos.database.museum/guid/KNWR:Herb:9096,,,,jake_danner@fws.gov,5/11/2020 14:55,jake_danner@fws.gov,5/11/2020 14:55,736489
211644,7,FF07RKNA00,Kenai National Wildlife Refuge,Umbilicaria proboscidea,Umbilicaria proboscidea,-511444,175634,Fungi,Fungi,Fungi,Ascomycota,Lecanoromycetes,,,Umbilicariales,,Umbilicariaceae,species,Umbilicaria,,,present,,,,,,,,,,,,,,,,,,Approved,Accepted,No,,http://arctos.database.museum/guid/KNWR:Herb:9099,,,,jake_danner@fws.gov,5/11/2020 14:58,jake_danner@fws.gov,5/11/2020 14:58,175634
211645,7,FF07RKNA00,Kenai National Wildlife Refuge,Umbilicaria torrefacta,Umbilicaria torrefacta,-511449,175644,Fungi,Fungi,Fungi,Ascomycota,Lecanoromycetes,,,Umbilicariales,,Umbilicariaceae,species,Umbilicaria,,,present,,,,,,,,,,,,,,,,,,Approved,Accepted,No,,http://arctos.database.museum/guid/KNWR:Herb:9100,,,,jake_danner@fws.gov,5/11/2020 15:05,jake_danner@fws.gov,5/11/2020 15:05,175644
211659,7,FF07RKNA00,Kenai National Wildlife Refuge,Vaccinium cespitosum,Vaccinium cespitosum Michx.,23587,127719,Plants,Vascular Plant,Plantae,Tracheophyta,Magnoliopsida,,,Ericales,,Ericaceae,species,Vaccinium,,,present,,,,,,,,,,,,,,,,,,Approved,Accepted,No,,http://arctos.database.museum/guid/KNWR:Herb:11451,,,,jake_danner@fws.gov,5/11/2020 17:53,jake_danner@fws.gov,5/11/2020 17:53,127719
211944,7,FF07RKNA00,Kenai National Wildlife Refuge,Venusia pearsalli,"Venusia pearsalli (Dyar, 1906)",942929,937365,Animals,Insect,Animalia,Arthropoda,Insecta,Pterygota,Neoptera,Lepidoptera,,Geometridae,species,Venusia,,,present,,,,,,,,,,,,,,,,,,Approved,Accepted,No,,http://arctos.database.museum/guid/UAMObs:Ento:238856,,,,jake_danner@fws.gov,6/1/2020 11:52,jake_danner@fws.gov,6/1/2020 11:52,937365
211945,7,FF07RKNA00,Kenai National Wildlife Refuge,Vertigo concinnula,"Vertigo concinnula Cockerell, 1897",76831,713575,Animals,Slug/Snail,Animalia,Mollusca,Gastropoda,,,Stylommatophora,,Pupillidae,species,Vertigo,,,present,,,,,,,,,,,,,,,,,,Approved,Accepted,No,,http://arctos.database.museum/guid/UAMObs:Ento:240739,,,,jake_danner@fws.gov,6/1/2020 11:53,jake_danner@fws.gov,6/1/2020 11:53,713575
211946,7,FF07RKNA00,Kenai National Wildlife Refuge,Vertigo cristata,Vertigo cristata,-758861,705557,Animals,Slug/Snail,Animalia,Mollusca,Gastropoda,,,Stylommatophora,,Pupillidae,species,Vertigo,,,present,,,,,,,,,,,,,,,,,,Approved,Accepted,No,,http://arctos.database.museum/guid/UAMObs:Ento:240712,,,,jake_danner@fws.gov,6/1/2020 11:54,jake_danner@fws.gov,6/1/2020 11:54,705557
211551,7,FF07RKNA00,Kenai National Wildlife Refuge,Vespula alascensis,Vespula alascensis,,950234,Animals,Insect,Animalia,Arthropoda,Insecta,Pterygota,Neoptera,Hymenoptera,Apocrita,Vespidae,species,Vespula,,,present,,,,,,,,,,,,,,,,,,Approved,Accepted,No,,http://arctos.database.museum/guid/KNWR:Ento:8888,,,,jake_danner@fws.gov,5/8/2020 13:57,jake_danner@fws.gov,5/8/2020 13:57,950234
211663,7,FF07RKNA00,Kenai National Wildlife Refuge,Viola langsdorffii,Viola langsdorffii Fisch. ex Ging.,22099,126924,Plants,Vascular Plant,Plantae,Tracheophyta,Magnoliopsida,,,Malpighiales,,Violaceae,species,Viola,,,present,,,,,,,,,,,,,,,,,,Approved,Accepted,No,,https://www.inaturalist.org/observations/13564250,,,,jake_danner@fws.gov,5/12/2020 11:01,jake_danner@fws.gov,5/12/2020 11:01,126924
211628,7,FF07RKNA00,Kenai National Wildlife Refuge,Vulpicida pinastri,Vulpicida pinastri,-511613,177600,Fungi,Fungi,Fungi,Ascomycota,Lecanoromycetes,Lecanoromycetidae,,Lecanorales,,Parmeliaceae,species,Vulpicida,,,present,,,,,,,,,,,,,,,,,,Approved,Accepted,No,,http://arctos.database.museum/guid/KNWR:Herb:12130,,,,jake_danner@fws.gov,5/11/2020 13:33,jake_danner@fws.gov,5/11/2020 13:33,177600
211947,7,FF07RKNA00,Kenai National Wildlife Refuge,Xenochironomus xenolabis,"Xenochironomus xenolabis (Kieffer, 1916)",129838,26930,Animals,Insect,Animalia,Arthropoda,Insecta,Pterygota,Neoptera,Diptera,Nematocera,Chironomidae,species,Xenochironomus,,,present,,,,,,,,,,,,,,,,,,Approved,Accepted,No,,http://arctos.database.museum/guid/UAMObs:Ento:240374,,,,jake_danner@fws.gov,6/1/2020 11:57,jake_danner@fws.gov,6/1/2020 11:57,26930
211948,7,FF07RKNA00,Kenai National Wildlife Refuge,Xenolechia aethiops,Xenolechia aethiops,-706049,589110,Animals,Insect,Animalia,Arthropoda,Insecta,Pterygota,Neoptera,Lepidoptera,,Gelechiidae,species,,,,present,,,,,,,,,,,,,,,,,,Approved,Accepted,No,,http://arctos.database.museum/guid/UAMObs:Ento:239072,,,,jake_danner@fws.gov,6/1/2020 11:57,jake_danner@fws.gov,6/1/2020 11:57,589110
211949,7,FF07RKNA00,Kenai National Wildlife Refuge,Xestia speciosa,"Xestia speciosa (H√ºbner, 1813)",771474,759700,Animals,Insect,Animalia,Arthropoda,Insecta,Pterygota,Neoptera,Lepidoptera,,Noctuidae,species,Xestia,,,present,,,,,,,,,,,,,,,,,,Approved,Accepted,No,,http://arctos.database.museum/guid/UAMObs:Ento:239355,,,,jake_danner@fws.gov,6/1/2020 11:58,jake_danner@fws.gov,6/1/2020 11:58,759700
211950,7,FF07RKNA00,Kenai National Wildlife Refuge,Xysticus britcheri,"Xysticus britcheri Gertsch, 1934",892081,782090,Animals,Spider/Scorpion,Animalia,Arthropoda,Euchelicerata,Arachnida,,Araneae,,Thomisidae,species,Xysticus,,,present,,,,,,,,,,,,,,,,,,Approved,Accepted,No,,http://arctos.database.museum/guid/UAMObs:Ento:239976,,,,jake_danner@fws.gov,6/1/2020 11:59,jake_danner@fws.gov,6/1/2020 11:59,782090
211951,7,FF07RKNA00,Kenai National Wildlife Refuge,Xysticus obscurus,"Xysticus obscurus Collett, 1877",892258,782459,Animals,Spider/Scorpion,Animalia,Arthropoda,Euchelicerata,Arachnida,,Araneae,,Thomisidae,species,Xysticus,,,present,,,,,,,,,,,,,,,,,,Approved,Accepted,No,,http://arctos.database.museum/guid/UAMObs:Ento:239240,,,,jake_danner@fws.gov,6/1/2020 12:00,jake_danner@fws.gov,6/1/2020 12:00,782459
211952,7,FF07RKNA00,Kenai National Wildlife Refuge,Ypsolopha senex,Ypsolopha senex,-696690,567300,Animals,Insect,Animalia,Arthropoda,Insecta,Pterygota,Neoptera,Lepidoptera,,Ypsolophidae,species,,,,present,,,,,,,,,,,,,,,,,,Approved,Accepted,No,,http://arctos.database.museum/guid/UAMObs:Ento:239064,,,,jake_danner@fws.gov,6/1/2020 12:01,jake_danner@fws.gov,6/1/2020 12:01,567300
